address,size,model,batch,result,similarity,runs,notes
0x406f40,1,haiku,H0,matched,100.0,,
0x428c50,1,haiku,H0,matched,100.0,,
0x49ed90,1,haiku,H0,matched,100.0,,
0x4d82b0,1,haiku,H0,matched,100.0,,
0x4e1450,1,haiku,H0,matched,100.0,,
0x406c00,3,haiku,H0,matched,100.0,,
0x416500,3,haiku,H0,matched,100.0,,
0x43a1e0,3,haiku,H0,matched,100.0,,
0x44ef40,3,haiku,H0,matched,100.0,,
0x461d60,3,haiku,H0,matched,100.0,,
0x480e90,3,haiku,H0,matched,100.0,,
0x4b1e80,3,haiku,H0,matched,100.0,,
0x4cfef0,3,haiku,H0,matched,100.0,,
0x44cec0,5,haiku,H0,matched,100.0,,
0x4b1e70,5,haiku,H0,matched,100.0,,
0x44ce40,6,haiku,H0,matched,100.0,,
0x44fd60,6,haiku,H0,matched,100.0,,
0x4b6220,6,haiku,H0,matched,100.0,,
0x4353a0,7,haiku,H0,matched,100.0,,
0x4908b0,7,haiku,H0,matched,100.0,,
0x4c3e10,8,haiku,H0,matched,100.0,,
0x4cb7c0,10,haiku,H0,partial,40.0,,
0x462bf0,11,haiku,H0,matched,100.0,,
0x4767e0,12,haiku,H0,matched,100.0,,
0x464ac0,13,haiku,H0,matched,100.0,,
0x4ca9d0,13,haiku,H0,matched,100.0,,
0x49fc40,14,haiku,H0,matched,100.0,,
0x4e41e0,14,haiku,H0,matched,100.0,,
0x438870,15,haiku,H0,matched,100.0,,
0x46c8b0,16,haiku,H0,matched,100.0,,
0x40c230,17,haiku,H1,matched,100.0,,
0x47cb40,19,haiku,H1,matched,100.0,,
0x463c60,24,haiku,H1,matched,100.0,,
0x45b800,30,haiku,H1,matched,100.0,,
0x4d1ba0,35,haiku,H1,matched,100.0,,
0x434a30,42,haiku,H1,partial,40.0,,
0x4b6af0,48,haiku,H1,partial,51.1,,
0x474f80,56,haiku,H1,partial,76.2,,
0x40c4f0,17,sonnet,S1,matched,100.0,,
0x494ff0,19,sonnet,S1,matched,100.0,,
0x46e5c0,24,sonnet,S1,matched,100.0,,
0x4b7a10,30,sonnet,S1,matched,100.0,,
0x4d1bd0,35,sonnet,S1,matched,100.0,,
0x438450,42,sonnet,S1,partial,40.0,,
0x4cf150,48,sonnet,S1,matched,100.0,,
0x4c93b0,56,sonnet,S1,matched,100.0,,
0x489960,65,haiku,H2,matched,100.0,,
0x407930,75,haiku,H2,partial,17.1,,
0x476e90,86,haiku,H2,partial,38.1,,
0x4b66a0,96,haiku,H2,partial,28.6,,
0x45c6d0,110,haiku,H2,partial,33.3,,
0x4b6370,128,haiku,H2,partial,35.3,,
0x4a4930,65,sonnet,S2,matched,100.0,,
0x44dc60,75,sonnet,S2,partial,92.3,,
0x4b62d0,86,sonnet,S2,partial,50.0,,
0x41ea30,97,sonnet,S2,partial,94.9,,
0x4a1680,110,sonnet,S2,matched,100.0,,
0x4c9290,128,sonnet,S2,partial,89.5,,
0x415da0,17,haiku,H3,matched,100.0,,
0x406c70,19,haiku,H3,matched,100.0,,
0x4750f0,19,haiku,H3,matched,100.0,,
0x428f40,22,haiku,H3,matched,100.0,,
0x4423a0,24,haiku,H3,matched,100.0,,
0x45b640,27,haiku,H3,matched,100.0,,
0x4e21a0,29,haiku,H3,partial,76.2,,
0x475840,33,haiku,H3,partial,71.4,,
0x470770,35,haiku,H3,partial,66.7,,
0x4d8b30,37,haiku,H3,matched,100.0,,
0x407380,1,haiku,H4,matched,100.0,,
0x428bb0,1,haiku,H4,matched,100.0,,
0x428bd0,1,haiku,H4,matched,100.0,,
0x428be0,1,haiku,H4,matched,100.0,,
0x428bf0,1,haiku,H4,matched,100.0,,
0x428c30,1,haiku,H4,matched,100.0,,
0x428c40,1,haiku,H4,matched,100.0,,
0x437d30,1,haiku,H4,matched,100.0,,
0x440930,1,haiku,H4,matched,100.0,,
0x44efb0,1,haiku,H4,matched,100.0,,
0x461170,1,haiku,H4,matched,100.0,,
0x461610,1,haiku,H4,matched,100.0,,
0x463bd0,1,haiku,H4,matched,100.0,,
0x46c8d0,1,haiku,H4,matched,100.0,,
0x47caf0,1,haiku,H4,matched,100.0,,
0x4b7ac0,1,haiku,H4,matched,100.0,,
0x4c1aa0,1,haiku,H4,matched,100.0,,
0x4c9740,1,haiku,H4,matched,100.0,,
0x4cfee0,1,haiku,H4,matched,100.0,,
0x4cff00,1,haiku,H4,matched,100.0,,
0x4d8130,1,haiku,H4,matched,100.0,,
0x4d8190,1,haiku,H4,matched,100.0,,
0x4d8250,1,haiku,H4,matched,100.0,,
0x4d8390,1,haiku,H4,matched,100.0,,
0x4d83a0,1,haiku,H4,matched,100.0,,
0x4da7c0,1,haiku,H4,matched,100.0,,
0x4db7b0,1,haiku,H4,matched,100.0,,
0x4de4c0,1,haiku,H4,matched,100.0,,
0x4de540,1,haiku,H4,matched,100.0,,
0x4df1d0,1,haiku,H4,matched,100.0,,
0x4e0730,1,haiku,H4,matched,100.0,,
0x4e1b00,1,haiku,H4,matched,100.0,,
0x4e2cb0,1,haiku,H4,matched,100.0,,
0x4e4250,1,haiku,H4,matched,100.0,,
0x4e4260,1,haiku,H4,matched,100.0,,
0x4e4270,1,haiku,H4,matched,100.0,,
0x4e4280,1,haiku,H4,matched,100.0,,
0x4e4290,1,haiku,H4,matched,100.0,,
0x4e42a0,1,haiku,H4,matched,100.0,,
0x40cc30,3,haiku,H4,matched,100.0,,
0x438450,42,opus,O1,matched,100.0,,escalated from Sonnet S1: global std::vector initialiser
0x434a30,42,opus,O1,matched,100.0,,escalated from Haiku H1: global std::vector initialiser
0x40d280,3,haiku,H5,matched,100.0,,
0x40d4a0,3,haiku,H5,matched,100.0,,
0x40d4b0,3,haiku,H5,matched,100.0,,
0x40d4e0,3,haiku,H5,matched,100.0,,
0x416270,3,haiku,H5,matched,100.0,,
0x416370,3,haiku,H5,matched,100.0,,
0x416380,3,haiku,H5,matched,100.0,,
0x4251e0,3,haiku,H5,matched,100.0,,
0x425470,3,haiku,H5,matched,100.0,,
0x428bc0,3,haiku,H5,matched,100.0,,
0x42f900,3,haiku,H5,matched,100.0,,
0x433d90,3,haiku,H5,matched,100.0,,
0x4343f0,3,haiku,H5,matched,100.0,,
0x434430,3,haiku,H5,matched,100.0,,
0x435100,3,haiku,H5,matched,100.0,,
0x43c390,3,haiku,H5,matched,100.0,,
0x44cef0,3,haiku,H5,matched,100.0,,
0x44cf50,3,haiku,H5,matched,100.0,,
0x44e6b0,3,haiku,H5,matched,100.0,,
0x44ea50,3,haiku,H5,matched,100.0,,
0x44ec00,3,haiku,H5,matched,100.0,,
0x44ec10,3,haiku,H5,matched,100.0,,
0x44ee60,3,haiku,H5,matched,100.0,,
0x44ef50,3,haiku,H5,matched,100.0,,
0x44efc0,3,haiku,H5,matched,100.0,,
0x44efd0,3,haiku,H5,matched,100.0,,
0x44efe0,3,haiku,H5,matched,100.0,,
0x44eff0,3,haiku,H5,matched,100.0,,
0x44f000,3,haiku,H5,matched,100.0,,
0x4568b0,3,haiku,H5,matched,100.0,,
0x461620,3,haiku,H5,matched,100.0,,
0x46c8c0,3,haiku,H5,matched,100.0,,
0x46e870,3,haiku,H5,matched,100.0,,
0x470030,3,haiku,H5,matched,100.0,,
0x470290,3,haiku,H5,matched,100.0,,
0x470ef0,3,haiku,H5,matched,100.0,,
0x4732d0,3,haiku,H5,matched,100.0,,
0x475330,3,haiku,H5,matched,100.0,,
0x475870,3,haiku,H5,matched,100.0,,
0x480ea0,3,haiku,H5,matched,100.0,,
0x4287b0,17,haiku,H6,matched,100.0,,
0x4c5dc0,18,haiku,H6,matched,100.0,,
0x464ad0,19,haiku,H6,matched,100.0,,
0x4ab690,20,haiku,H6,matched,100.0,,
0x4c9180,22,haiku,H6,matched,100.0,,
0x4d1c60,24,haiku,H6,matched,100.0,,
0x45fc40,27,haiku,H6,matched,100.0,,
0x480e70,29,haiku,H6,matched,100.0,,
0x4bc300,32,haiku,H6,matched,100.0,,
0x48ef80,34,haiku,H6,matched,100.0,,
0x4b6b20,36,haiku,H6,matched,100.0,,
0x438700,39,haiku,H6,matched,100.0,,
0x40d5b0,41,sonnet,S3,matched,100.0,,
0x4702a0,46,sonnet,S3,matched,100.0,,
0x48a060,51,sonnet,S3,matched,100.0,,
0x41d3b0,59,sonnet,S3,matched,100.0,,
0x4b6af0,48,sonnet,S3,partial,60.9,,escalated from Haiku
0x474f80,56,sonnet,S3,matched,100.0,,escalated from Haiku
0x4e21a0,29,sonnet,S3,partial,76.2,,escalated from Haiku
0x475840,33,sonnet,S3,matched,100.0,,escalated from Haiku
0x470770,35,sonnet,S3,matched,100.0,,escalated from Haiku
0x4cb7c0,10,sonnet,S3,matched,100.0,,escalated from Haiku
0x48ea10,3,haiku,H7,matched,100.0,,
0x48ea20,3,haiku,H7,matched,100.0,,
0x48ea30,3,haiku,H7,matched,100.0,,
0x4b0650,3,haiku,H7,matched,100.0,,
0x4b0660,3,haiku,H7,matched,100.0,,
0x4b0670,3,haiku,H7,matched,100.0,,
0x4b06a0,3,haiku,H7,matched,100.0,,
0x4b1e90,3,haiku,H7,matched,100.0,,
0x4b1ea0,3,haiku,H7,matched,100.0,,
0x4b1eb0,3,haiku,H7,matched,100.0,,
0x4bab90,3,haiku,H7,matched,100.0,,
0x4c4440,3,haiku,H7,matched,100.0,,
0x4cd9b0,3,haiku,H7,matched,100.0,,
0x4cee40,3,haiku,H7,matched,100.0,,
0x4cfed0,3,haiku,H7,matched,100.0,,
0x4cff10,3,haiku,H7,matched,100.0,,
0x4d8680,3,haiku,H7,matched,100.0,,
0x48ea00,4,haiku,H7,matched,100.0,,
0x4b07a0,4,haiku,H7,matched,100.0,,
0x4c3e20,4,haiku,H7,matched,100.0,,
0x4cf220,4,haiku,H7,matched,100.0,,
0x4cfea0,4,haiku,H7,matched,100.0,,
0x443590,5,haiku,H7,matched,100.0,,
0x44ce80,5,haiku,H7,matched,100.0,,
0x44cf20,5,haiku,H7,matched,100.0,,
0x44cf40,5,haiku,H7,matched,100.0,,
0x4814b0,5,haiku,H7,matched,100.0,,
0x499880,5,haiku,H7,matched,100.0,,
0x4b0680,5,haiku,H7,matched,100.0,,
0x4b0690,5,haiku,H7,matched,100.0,,
0x4b07b0,5,haiku,H7,matched,100.0,,
0x4b1e50,5,haiku,H7,matched,100.0,,
0x4b1e60,5,haiku,H7,matched,100.0,,
0x4b62c0,5,haiku,H7,matched,100.0,,
0x4bd150,5,haiku,H7,matched,100.0,,
0x4ca9f0,5,haiku,H7,matched,100.0,,
0x41d8a0,6,haiku,H7,matched,100.0,,
0x41d8b0,6,haiku,H7,matched,100.0,,
0x428c00,6,haiku,H7,matched,100.0,,
0x428c10,6,haiku,H7,matched,100.0,,
0x437b30,17,haiku,H8,matched,100.0,,
0x44ce20,18,haiku,H8,matched,100.0,,
0x4335c0,19,haiku,H8,matched,100.0,,
0x4b6b60,19,haiku,H8,matched,100.0,,
0x49fb10,21,haiku,H8,matched,100.0,,
0x4caa20,22,haiku,H8,matched,100.0,,
0x44cf00,24,haiku,H8,partial,42.1,,
0x48ec00,26,haiku,H8,matched,100.0,,
0x470eb0,28,haiku,H8,partial,52.2,,
0x40cc80,30,haiku,H8,partial,76.9,,
0x43a940,33,haiku,H8,partial,83.3,,
0x416e30,34,haiku,H8,partial,0.0,,
0x473530,35,haiku,H8,partial,86.7,,
0x417090,37,haiku,H8,partial,0.0,,
0x4b6e80,39,haiku,H8,partial,69.2,,
0x44f010,41,haiku,H9,matched,100.0,,
0x48fb30,43,haiku,H9,partial,78.6,,
0x470f00,46,haiku,H9,matched,100.0,,
0x45ae80,49,haiku,H9,matched,100.0,,
0x4d6ba0,51,haiku,H9,partial,86.4,,
0x472fd0,55,haiku,H9,partial,62.2,,
0x44c7a0,59,haiku,H9,partial,18.2,,
0x4d1b00,61,haiku,H9,partial,36.4,,
0x41ea30,97,opus,O2,matched,100.0,,escalated from Sonnet
0x44dc60,75,opus,O2,matched,100.0,,escalated from Sonnet
0x4c9290,128,opus,O2,matched,100.0,,escalated from Sonnet
0x4b62d0,86,opus,O2,matched,100.0,,escalated from Sonnet
0x428c20,6,haiku,H10,matched,100.0,,
0x44cf30,6,haiku,H10,matched,100.0,,
0x44cfe0,6,haiku,H10,matched,100.0,,
0x44d440,6,haiku,H10,matched,100.0,,
0x44d900,6,haiku,H10,matched,100.0,,
0x44df70,6,haiku,H10,matched,100.0,,
0x44e7a0,6,haiku,H10,matched,100.0,,
0x44fd40,6,haiku,H10,matched,100.0,,
0x44fd50,6,haiku,H10,matched,100.0,,
0x44fd70,6,haiku,H10,matched,100.0,,
0x44fd80,6,haiku,H10,matched,100.0,,
0x44fd90,6,haiku,H10,matched,100.0,,
0x45b660,6,haiku,H10,matched,100.0,,
0x47c770,6,haiku,H10,matched,100.0,,
0x47c780,6,haiku,H10,matched,100.0,,
0x49f610,6,haiku,H10,matched,100.0,,
0x4aa8d0,6,haiku,H10,matched,100.0,,
0x4b6560,6,haiku,H10,matched,100.0,,
0x4c5de0,6,haiku,H10,matched,100.0,,
0x4d3d60,6,haiku,H10,matched,100.0,,
0x4d9f50,6,haiku,H10,matched,100.0,,
0x4da0b0,6,haiku,H10,matched,100.0,,
0x4db7c0,6,haiku,H10,matched,100.0,,
0x4e39a0,6,haiku,H10,matched,100.0,,
0x4e3e10,6,haiku,H10,matched,100.0,,
0x4358f0,7,haiku,H10,matched,100.0,,
0x435900,7,haiku,H10,matched,100.0,,
0x435910,7,haiku,H10,matched,100.0,,
0x435c20,7,haiku,H10,matched,100.0,,
0x435c30,7,haiku,H10,matched,100.0,,
0x435c50,7,haiku,H10,matched,100.0,,
0x44f290,7,haiku,H10,matched,100.0,,
0x471d00,7,haiku,H10,matched,100.0,,
0x4cd9c0,7,haiku,H10,matched,100.0,,
0x4ce020,7,haiku,H10,matched,100.0,,
0x4ce450,7,haiku,H10,matched,100.0,,
0x4ce5a0,7,haiku,H10,matched,100.0,,
0x4ce680,7,haiku,H10,matched,100.0,,
0x4ce7f0,7,haiku,H10,matched,100.0,,
0x4cff20,7,haiku,H10,matched,100.0,,
0x479530,41,sonnet,S4,partial,66.7,,
0x4a0f30,44,sonnet,S4,partial,46.2,,
0x4d09e0,47,sonnet,S4,matched,100.0,,
0x40cc40,52,sonnet,S4,matched,100.0,,
0x44fe00,56,sonnet,S4,matched,100.0,,
0x4afec0,60,sonnet,S4,partial,26.3,,
0x407930,75,sonnet,S4,matched,100.0,,escalated from Haiku
0x476e90,86,sonnet,S4,matched,100.0,,escalated from Haiku
0x4b66a0,96,sonnet,S4,partial,52.6,,escalated from Haiku
0x45c6d0,110,sonnet,S4,matched,100.0,,escalated from Haiku
0x4b6370,128,sonnet,S4,matched,100.0,,escalated from Haiku
0x470eb0,28,sonnet,S5,matched,100.0,,escalated from Haiku
0x44cf00,24,sonnet,S5,matched,100.0,,escalated from Haiku
0x40cc80,30,sonnet,S5,matched,100.0,,escalated from Haiku
0x43a940,33,sonnet,S5,matched,100.0,,escalated from Haiku
0x416e30,34,sonnet,S5,matched,100.0,,escalated from Haiku
0x473530,35,sonnet,S5,matched,100.0,,escalated from Haiku
0x417090,37,sonnet,S5,matched,100.0,,escalated from Haiku
0x4b6e80,39,sonnet,S5,matched,100.0,,escalated from Haiku
0x4d6ba0,51,sonnet,S6,matched,100.0,,escalated from Haiku
0x48fb30,43,sonnet,S6,matched,100.0,,escalated from Haiku
0x472fd0,55,sonnet,S6,partial,90.0,,escalated from Haiku
0x44c7a0,59,sonnet,S6,partial,29.6,,escalated from Haiku
0x4d1b00,61,sonnet,S6,partial,68.2,,escalated from Haiku
0x479560,41,sonnet,S6,matched,100.0,,
0x406c10,46,sonnet,S6,matched,100.0,,
0x40c9f0,50,sonnet,S6,partial,37.2,,
0x4b96a0,54,sonnet,S6,partial,79.2,,
0x4404c0,60,sonnet,S6,matched,100.0,,
0x40cfb0,66,opus,O3,matched,100.0,,
0x47e570,75,opus,O3,matched,100.0,,
0x4d0a10,86,opus,O3,matched,100.0,,
0x422dd0,97,opus,O3,matched,100.0,,
0x408090,111,opus,O3,matched,100.0,,
0x4c9310,128,opus,O3,matched,100.0,,
0x416390,8,haiku,H11,matched,100.0,,
0x4174d0,8,haiku,H11,matched,100.0,,
0x439ea0,8,haiku,H11,matched,100.0,,
0x492de0,8,haiku,H11,matched,100.0,,
0x4caa00,8,haiku,H11,matched,100.0,,
0x4caa10,8,haiku,H11,matched,100.0,,
0x4cfe80,8,haiku,H11,matched,100.0,,
0x4cfe90,8,haiku,H11,matched,100.0,,
0x4de100,8,haiku,H11,matched,100.0,,
0x4b3620,9,haiku,H11,matched,100.0,,
0x419550,10,haiku,H11,matched,100.0,,
0x420610,10,haiku,H11,matched,100.0,,
0x4814f0,10,haiku,H11,partial,0.0,,
0x49e630,10,haiku,H11,partial,0.0,,
0x4ab6b0,10,haiku,H11,matched,100.0,,
0x4c3e30,10,haiku,H11,matched,100.0,,
0x4cf210,10,haiku,H11,matched,100.0,,
0x4de0f0,10,haiku,H11,matched,100.0,,
0x406da0,11,haiku,H11,matched,100.0,,
0x4379a0,11,haiku,H11,matched,100.0,,
0x437d40,11,haiku,H11,matched,100.0,,
0x437d50,11,haiku,H11,matched,100.0,,
0x43c350,11,haiku,H11,matched,100.0,,
0x44ce70,11,haiku,H11,partial,57.1,,
0x44ef80,11,haiku,H11,matched,100.0,,
0x47efc0,11,haiku,H11,matched,100.0,,
0x488be0,11,haiku,H11,matched,100.0,,
0x4904b0,11,haiku,H11,matched,100.0,,
0x4c1470,11,haiku,H11,partial,28.6,,
0x41d4a0,12,haiku,H11,matched,100.0,,
0x41d4b0,12,haiku,H11,matched,100.0,,
0x41e260,12,haiku,H11,matched,100.0,,
0x44f5b0,12,haiku,H11,matched,100.0,,
0x4b6330,12,haiku,H11,matched,100.0,,
0x4b6700,12,haiku,H11,matched,100.0,,
0x4b6710,12,haiku,H11,matched,100.0,,
0x4b7f60,12,haiku,H11,partial,28.6,,
0x4c13f0,12,haiku,H11,matched,100.0,,
0x4c1400,12,haiku,H11,matched,100.0,,
0x4c1410,12,haiku,H11,matched,100.0,,
0x438650,161,opus,O4,partial,43.7,,
0x46df40,185,opus,O4,matched,100.0,,
0x4c48c0,212,opus,O4,matched,100.0,,
0x438070,260,opus,O4,partial,63.9,,
0x47e750,307,opus,O4,matched,100.0,,
0x428b60,66,opus,O5,matched,100.0,,
0x4c7080,72,opus,O5,matched,100.0,,
0x4e1a30,80,opus,O5,matched,100.0,,
0x4bb200,88,opus,O5,matched,100.0,,
0x450910,97,opus,O5,matched,100.0,,
0x4e2d90,106,opus,O5,matched,100.0,,
0x4b9ed0,120,opus,O5,matched,100.0,,
0x4a1080,134,opus,O5,matched,100.0,,
0x49fa50,17,sonnet,S7,matched,100.0,,
0x4e1540,21,sonnet,S7,matched,100.0,,
0x4581c0,28,sonnet,S7,matched,100.0,,
0x46cec0,33,sonnet,S7,matched,100.0,,
0x4222b0,38,sonnet,S7,partial,81.2,,
0x4bb120,45,sonnet,S7,partial,82.9,,
0x444ba0,52,sonnet,S7,matched,100.0,,
0x4cb330,58,sonnet,S7,matched,100.0,,
0x4c1440,12,haiku,H12,matched,100.0,,
0x4c2ba0,12,haiku,H12,matched,100.0,,
0x4c6b60,12,haiku,H12,matched,100.0,,
0x4ca9e0,12,haiku,H12,matched,100.0,,
0x403180,13,haiku,H12,partial,44.4,,fixed by Opus orchestrator
0x406bf0,13,haiku,H12,partial,44.4,,fixed by Opus orchestrator
0x415b20,13,haiku,H12,partial,44.4,,fixed by Opus orchestrator
0x42e2f0,13,haiku,H12,matched,100.0,,
0x42e300,13,haiku,H12,partial,66.7,,
0x437a20,13,haiku,H12,matched,100.0,,
0x43dd10,13,haiku,H12,partial,57.1,,
0x44fda0,13,haiku,H12,partial,72.7,,
0x45b480,13,haiku,H12,matched,100.0,,
0x464ab0,13,haiku,H12,matched,100.0,,
0x464af0,13,haiku,H12,matched,100.0,,
0x464b00,13,haiku,H12,matched,100.0,,
0x46bc60,13,haiku,H12,matched,100.0,,
0x47ed30,13,haiku,H12,matched,100.0,,
0x480d40,13,haiku,H12,matched,100.0,,
0x4aa8e0,13,haiku,H12,matched,100.0,,
0x4b73b0,13,haiku,H12,matched,100.0,,
0x4b7590,13,haiku,H12,matched,100.0,,
0x4c2ea0,13,haiku,H12,matched,100.0,,
0x4c3730,13,haiku,H12,matched,100.0,,
0x4d1800,13,haiku,H12,matched,100.0,,
0x4d1810,13,haiku,H12,matched,100.0,,
0x435c40,14,haiku,H12,matched,100.0,,
0x458d20,14,haiku,H12,partial,33.3,,
0x45baf0,14,haiku,H12,matched,100.0,,
0x467950,14,haiku,H12,matched,100.0,,
0x46bf20,14,haiku,H12,matched,100.0,,
0x46e880,14,haiku,H12,partial,60.0,,
0x49e6f0,14,haiku,H12,matched,100.0,,
0x4ab0a0,14,haiku,H12,matched,100.0,,
0x4b2840,14,haiku,H12,partial,60.0,,
0x4b4f10,14,opus,O6,matched,100.0,,operator new
0x4b4f20,14,opus,O6,matched,100.0,,operator delete
0x4b4f30,14,haiku,H12,matched,100.0,,
0x4b4f40,14,haiku,H12,matched,100.0,,
0x4b6b50,14,haiku,H12,partial,20.0,,
0x4ce1d0,14,haiku,H12,matched,100.0,,
0x4ce7e0,14,haiku,H12,matched,100.0,,
0x4d83b0,14,haiku,H12,matched,100.0,,
0x4d8450,14,haiku,H12,matched,100.0,,
0x4d85a0,14,haiku,H12,matched,100.0,,
0x4d8660,14,haiku,H12,matched,100.0,,
0x4d8670,14,haiku,H12,matched,100.0,,
0x4dbeb0,14,haiku,H12,partial,60.0,,
0x4e1a80,14,haiku,H12,partial,72.7,,
0x4e2240,14,haiku,H12,partial,60.0,,
0x4814f0,10,sonnet,S8,matched,100.0,,escalated from Haiku
0x49e630,10,sonnet,S8,matched,100.0,,escalated from Haiku
0x44ce70,11,sonnet,S8,matched,100.0,,escalated from Haiku
0x4c1470,11,sonnet,S8,matched,100.0,,escalated from Haiku
0x4b7f60,12,sonnet,S8,matched,100.0,,escalated from Haiku
0x4222b0,38,opus,O7,matched,100.0,,escalated from Sonnet
0x4bb120,45,opus,O7,matched,100.0,,escalated from Sonnet
0x4b6af0,48,opus,O7,matched,100.0,,escalated from Sonnet
0x4e21a0,29,opus,O7,matched,100.0,,escalated from Sonnet
0x438480,32,opus,O7,matched,100.0,,escalated from Opus orchestrator
0x42f910,65,opus,O8,matched,100.0,,
0x43e060,74,opus,O8,matched,100.0,,
0x495860,83,opus,O8,matched,100.0,,
0x44f8a0,92,opus,O8,matched,100.0,,
0x49f5a0,104,opus,O8,matched,100.0,,
0x448bf0,119,opus,O8,matched,100.0,,
0x40d670,132,opus,O8,matched,100.0,,
0x451180,146,opus,O8,partial,85.4,,
0x4b66a0,96,opus,O9,matched,100.0,,escalated from Sonnet
0x479530,41,opus,O9,matched,100.0,,escalated from Sonnet
0x4a0f30,44,opus,O9,matched,100.0,,escalated from Sonnet
0x4afec0,60,opus,O9,matched,100.0,,escalated from Sonnet
0x403180,13,opus,O6,matched,100.0,,escalated from Haiku: stdcall callee taking a table address
0x406bf0,13,opus,O6,matched,100.0,,escalated from Haiku: stdcall callee taking a table address
0x415b20,13,opus,O6,matched,100.0,,escalated from Haiku: stdcall callee taking a table address
0x42e300,13,sonnet,S9,matched,100.0,,escalated from Haiku
0x43dd10,13,sonnet,S9,matched,100.0,,escalated from Haiku
0x44fda0,13,sonnet,S9,matched,100.0,,escalated from Haiku
0x458d20,14,sonnet,S9,matched,100.0,,escalated from Haiku
0x46e880,14,sonnet,S9,matched,100.0,,escalated from Haiku
0x4b2840,14,sonnet,S9,matched,100.0,,escalated from Haiku
0x4b6b50,14,sonnet,S9,matched,100.0,,escalated from Haiku
0x4dbeb0,14,sonnet,S9,matched,100.0,,escalated from Haiku
0x4e1a80,14,sonnet,S9,matched,100.0,,escalated from Haiku
0x4e2240,14,sonnet,S9,matched,100.0,,escalated from Haiku
0x4e41f0,14,haiku,H13,matched,100.0,,
0x4e4200,14,haiku,H13,matched,100.0,,
0x4e4210,14,haiku,H13,matched,100.0,,
0x4e4220,14,haiku,H13,matched,100.0,,
0x4e4230,14,haiku,H13,matched,100.0,,
0x4e4240,14,haiku,H13,matched,100.0,,
0x40ad70,15,haiku,H13,matched,100.0,,
0x4194c0,15,haiku,H13,matched,100.0,,
0x419540,15,haiku,H13,matched,100.0,,
0x4609a0,15,haiku,H13,matched,100.0,,
0x461d70,15,haiku,H13,matched,100.0,,
0x461da0,15,haiku,H13,matched,100.0,,
0x46fac0,15,haiku,H13,partial,33.3,,
0x4da8c0,15,haiku,H13,matched,100.0,,
0x4dfd00,15,haiku,H13,matched,100.0,,
0x4e1400,15,haiku,H13,matched,100.0,,
0x416810,16,haiku,H13,matched,100.0,,
0x4335e0,16,haiku,H13,partial,40.0,,
0x433da0,16,haiku,H13,matched,100.0,,
0x437c80,16,haiku,H13,partial,57.1,,
0x44e720,16,haiku,H13,partial,60.0,,
0x44e730,16,haiku,H13,partial,60.0,,
0x44ec20,16,haiku,H13,partial,60.0,,
0x471cc0,16,haiku,H13,partial,100.0,,
0x47efd0,16,haiku,H13,matched,100.0,,
0x49fd10,16,haiku,H13,matched,100.0,,
0x4bbc30,16,haiku,H13,partial,60.0,,
0x4bc360,16,haiku,H13,partial,60.0,,
0x4c91a0,16,haiku,H13,partial,12.5,,
0x4d3d90,16,haiku,H13,matched,100.0,,
0x4d8710,16,haiku,H13,matched,100.0,,
0x4d8780,16,haiku,H13,matched,100.0,,
0x4d8e50,16,haiku,H13,matched,100.0,,
0x4e2150,16,haiku,H13,matched,100.0,,
0x440290,65,opus,O10,matched,100.0,,
0x450dd0,74,opus,O10,matched,100.0,,
0x4b8da0,83,opus,O10,matched,100.0,,
0x466aa0,92,opus,O10,matched,100.0,,
0x4a69d0,104,opus,O10,matched,100.0,,
0x48edb0,119,opus,O10,matched,100.0,,
0x46ea10,132,opus,O10,matched,100.0,,
0x463e50,146,opus,O10,matched,100.0,,
0x403010,41,sonnet,S10,partial,63.6,,
0x48fc40,43,sonnet,S10,matched,100.0,,
0x4619b0,46,sonnet,S10,matched,100.0,,
0x4d0ae0,48,sonnet,S10,matched,100.0,,
0x41bcd0,51,sonnet,S10,matched,100.0,,
0x49fd20,53,sonnet,S10,matched,100.0,,
0x4b0610,56,sonnet,S10,matched,100.0,,
0x44d7c0,58,sonnet,S10,matched,100.0,,
0x474130,60,sonnet,S10,partial,36.1,,
0x4da9f0,62,sonnet,S10,partial,73.1,,
0x49fa70,17,haiku,H14,matched,100.0,,
0x4ce7c0,18,haiku,H14,matched,100.0,,
0x472d30,19,haiku,H14,matched,100.0,,
0x4388b0,21,haiku,H14,matched,100.0,,
0x4ba730,22,haiku,H14,matched,100.0,,
0x40e9a0,25,haiku,H14,matched,100.0,,
0x432d20,27,haiku,H14,matched,100.0,,
0x4ac8a0,28,haiku,H14,matched,100.0,,
0x485e30,30,haiku,H14,matched,100.0,,
0x408810,32,haiku,H14,matched,100.0,,
0x416cf0,33,haiku,H14,matched,100.0,,
0x416630,34,haiku,H14,partial,13.3,,fixed afterwards by Opus orchestrator
0x470f30,35,haiku,H14,matched,100.0,,
0x418ca0,37,haiku,H14,partial,13.3,,fixed afterwards by Opus orchestrator
0x4623b0,39,haiku,H14,matched,100.0,,
0x472fd0,55,opus,O12,matched,100.0,,escalated from Sonnet
0x44c7a0,59,opus,O12,matched,100.0,,escalated from Sonnet
0x4d1b00,61,opus,O12,matched,100.0,,escalated from Sonnet
0x40c9f0,50,opus,O12,matched,100.0,,escalated from Sonnet
0x4b96a0,54,opus,O12,matched,100.0,,escalated from Sonnet
0x450d80,65,opus,O13,matched,100.0,,
0x41ac90,74,opus,O13,matched,100.0,,
0x48dfb0,82,opus,O13,matched,100.0,,
0x499e50,91,opus,O13,matched,100.0,,
0x4e3930,101,opus,O13,matched,100.0,,
0x4c2d60,115,opus,O13,matched,100.0,,
0x482090,127,opus,O13,matched,100.0,,
0x4619e0,143,opus,O13,matched,100.0,,
0x41d3f0,161,opus,O14,matched,100.0,,
0x48efb0,184,opus,O14,matched,100.0,,
0x4ca250,212,opus,O14,matched,100.0,,
0x486360,247,opus,O14,matched,100.0,,
0x4581e0,289,opus,O14,partial,98.1,,
0x4d1820,333,opus,O14,partial,96.2,,
0x416630,34,opus,O6,matched,100.0,,escalated from Haiku: bit toggle template
0x418ca0,37,opus,O6,matched,100.0,,escalated from Haiku: bit toggle template
0x47db20,65,opus,O15,matched,100.0,,
0x4b6df0,69,opus,O15,matched,100.0,,
0x4be3b0,73,opus,O15,matched,100.0,,
0x4b8e00,77,opus,O15,matched,100.0,,
0x4b8b30,81,opus,O15,matched,100.0,,
0x437cd0,86,opus,O15,matched,100.0,,
0x46feb0,90,opus,O15,matched,100.0,,
0x4318c0,94,opus,O15,matched,100.0,,
0x47cb60,99,opus,O15,matched,100.0,,
0x475150,105,opus,O15,matched,100.0,,
0x44e330,111,opus,O16,matched,100.0,,
0x4a0bf0,116,opus,O16,matched,100.0,,
0x456110,121,opus,O16,matched,100.0,,
0x4d0130,124,opus,O16,matched,100.0,,
0x4b0bc0,128,opus,O16,matched,100.0,,
0x4ddce0,133,opus,O16,matched,100.0,,
0x419560,138,opus,O16,matched,100.0,,
0x4b0a70,143,opus,O16,matched,100.0,,
0x476740,148,opus,O16,matched,100.0,,
0x406e40,156,opus,O16,matched,100.0,,
0x49fa90,17,haiku,H15,matched,100.0,,
0x4bb5b0,18,haiku,H15,matched,100.0,,
0x433520,19,haiku,H15,matched,100.0,,
0x4c45c0,19,haiku,H15,matched,100.0,,
0x462bd0,21,haiku,H15,matched,100.0,,
0x4b3000,22,haiku,H15,matched,100.0,,
0x4e2ce0,23,haiku,H15,partial,57.1,,
0x4d0640,25,haiku,H15,partial,50.0,,
0x437800,27,haiku,H15,partial,88.0,,
0x432b80,28,haiku,H15,partial,28.6,,
0x463c40,29,haiku,H15,matched,100.0,,
0x444910,31,haiku,H15,partial,45.5,,
0x408f10,32,haiku,H15,partial,77.4,,
0x4b7f70,32,haiku,H15,partial,54.5,,
0x490ee0,33,haiku,H15,partial,52.6,,
0x44f450,34,haiku,H15,partial,52.6,,
0x4afe90,35,haiku,H15,matched,100.0,,
0x4c69c0,36,haiku,H15,partial,14.3,,
0x40da40,38,haiku,H15,partial,37.5,,
0x4e1510,39,haiku,H15,partial,27.3,,
0x4b4b50,65,opus,O17,matched,100.0,,
0x4cfff0,71,opus,O17,matched,100.0,,
0x43dd20,79,opus,O17,matched,100.0,,
0x48ed50,86,opus,O17,matched,100.0,,
0x4dd770,92,opus,O17,matched,100.0,,
0x4df160,101,opus,O17,matched,100.0,,
0x463ef0,111,opus,O17,matched,100.0,,
0x416b50,123,opus,O17,matched,100.0,,
0x416280,134,opus,O17,matched,100.0,,
0x4dbe10,145,opus,O17,matched,100.0,,
0x4e2ce0,23,sonnet,S11,matched,100.0,,escalated from Haiku
0x4d0640,25,sonnet,S11,matched,100.0,,escalated from Haiku
0x437800,27,sonnet,S11,matched,100.0,,escalated from Haiku
0x432b80,28,sonnet,S11,matched,100.0,,escalated from Haiku
0x444910,31,sonnet,S11,matched,100.0,,escalated from Haiku
0x408f10,32,sonnet,S11,matched,100.0,,escalated from Haiku
0x4b7f70,32,sonnet,S11,matched,100.0,,escalated from Haiku
0x490ee0,33,sonnet,S11,matched,100.0,,escalated from Haiku
0x44f450,34,sonnet,S11,matched,100.0,,escalated from Haiku
0x4c69c0,36,sonnet,S11,matched,100.0,,escalated from Haiku
0x40da40,38,sonnet,S11,matched,100.0,,escalated from Haiku
0x403010,41,opus,O18,matched,100.0,,escalated from Sonnet/Opus
0x474130,60,opus,O18,matched,100.0,,escalated from Sonnet/Opus
0x4da9f0,62,opus,O18,matched,100.0,,escalated from Sonnet/Opus
0x438650,161,opus,O18,partial,87.6,,escalated from Sonnet/Opus
0x438070,260,opus,O18,matched,100.0,,escalated from Sonnet/Opus
0x451180,146,opus,O18,matched,100.0,,escalated from Sonnet/Opus
0x4b4ba0,65,opus,O19,matched,100.0,,
0x4292e0,72,opus,O19,matched,100.0,,
0x440470,79,opus,O19,matched,100.0,,
0x43acb0,87,opus,O19,matched,100.0,,
0x4e29b0,92,opus,O19,matched,100.0,,
0x432520,102,opus,O19,matched,100.0,,
0x46ded0,111,opus,O19,matched,100.0,,
0x44d010,123,opus,O19,matched,100.0,,
0x434020,134,opus,O19,matched,100.0,,
0x415250,146,opus,O19,matched,100.0,,
0x4bce10,65,opus,O20,matched,100.0,,
0x475040,72,opus,O20,matched,100.0,,
0x46f6d0,79,opus,O20,matched,100.0,,
0x456850,87,opus,O20,matched,100.0,,
0x4011c0,93,opus,O20,matched,100.0,,
0x444c40,102,opus,O20,matched,100.0,,
0x481340,111,opus,O20,matched,100.0,,
0x47ffa0,123,opus,O20,matched,100.0,,
0x434360,134,opus,O20,matched,100.0,,
0x416ab0,146,opus,O20,matched,100.0,,
0x49fab0,17,haiku,H16,matched,100.0,,
0x4c1450,18,haiku,H16,matched,100.0,,
0x4339c0,19,haiku,H16,matched,100.0,,
0x4d0620,19,haiku,H16,matched,100.0,,
0x481530,21,haiku,H16,matched,100.0,,
0x4b78e0,22,haiku,H16,matched,100.0,,
0x40c510,24,haiku,H16,matched,100.0,,
0x4e2160,25,haiku,H16,matched,100.0,,
0x437820,27,haiku,H16,matched,100.0,,
0x440320,28,haiku,H16,matched,100.0,,
0x463c80,29,haiku,H16,matched,100.0,,
0x442380,31,haiku,H16,matched,100.0,,
0x4167f0,32,haiku,H16,partial,47.6,,
0x4b6a00,32,haiku,H16,matched,100.0,,
0x4948b0,33,haiku,H16,matched,100.0,,
0x463ba0,34,haiku,H16,matched,100.0,,
0x4ce5b0,35,haiku,H16,matched,100.0,,
0x4c6ae0,36,haiku,H16,partial,16.7,,
0x417540,38,haiku,H16,matched,100.0,,
0x4e3a40,39,haiku,H16,partial,30.0,,
0x49faf0,17,haiku,H17,matched,100.0,,
0x4c22d0,18,haiku,H17,matched,100.0,,
0x433a60,19,haiku,H17,matched,100.0,,
0x4d7c20,19,haiku,H17,matched,100.0,,
0x49f620,21,haiku,H17,matched,100.0,,
0x4ba5f0,22,haiku,H17,matched,100.0,,
0x4205f0,24,haiku,H17,matched,100.0,,
0x41da10,26,haiku,H17,partial,94.7,,
0x438be0,27,haiku,H17,matched,100.0,,
0x480e50,28,haiku,H17,matched,100.0,,
0x4b4bf0,29,haiku,H17,partial,40.0,,
0x44ef90,31,haiku,H17,matched,100.0,,
0x439e80,32,haiku,H17,matched,100.0,,
0x4bcec0,32,haiku,H17,matched,100.0,,
0x49adf0,33,haiku,H17,matched,100.0,,
0x46e610,34,haiku,H17,partial,81.5,,
0x4d1b70,35,haiku,H17,matched,100.0,,
0x4cb560,36,haiku,H17,matched,100.0,,
0x41c2e0,38,haiku,H17,matched,100.0,,
0x407350,40,haiku,H17,partial,90.9,,
0x403040,41,sonnet,S12,matched,100.0,,
0x4b06f0,43,sonnet,S12,matched,100.0,,
0x473500,46,sonnet,S12,matched,100.0,,
0x4d6b70,48,sonnet,S12,matched,100.0,,
0x432cb0,51,sonnet,S12,matched,100.0,,
0x4ca590,53,sonnet,S12,matched,100.0,,
0x4ac300,56,sonnet,S12,matched,100.0,,
0x439fe0,58,sonnet,S12,matched,100.0,,
0x462370,60,sonnet,S12,matched,100.0,,
0x4d0680,62,sonnet,S12,matched,100.0,,
0x4167f0,32,sonnet,S12,matched,100.0,,escalated from Haiku
0x4c6ae0,36,sonnet,S12,matched,100.0,,escalated from Haiku
0x4da4f0,65,opus,O21,matched,100.0,,
0x4ce8c0,71,opus,O21,matched,100.0,,
0x4896f0,79,opus,O21,matched,100.0,,
0x464000,87,opus,O21,matched,100.0,,
0x438590,93,opus,O21,matched,100.0,,
0x44d930,102,opus,O21,matched,100.0,,
0x4a0570,111,opus,O21,matched,100.0,,
0x40d9c0,123,opus,O21,matched,100.0,,
0x4ddc00,133,opus,O21,matched,100.0,,
0x47f990,146,opus,O21,matched,100.0,,
0x4581e0,289,opus,O6,matched,100.0,,orchestrator: added a realistic header block (compiler-state dependent operand order)
0x4335e0,16,opus,O6,matched,100.0,,orchestrator: added a realistic header block (compiler-state dependent operand order)
0x4da540,65,opus,O22,matched,100.0,,
0x47c2a0,72,opus,O22,matched,100.0,,
0x48eeb0,79,opus,O22,matched,100.0,,
0x499c10,87,opus,O22,matched,100.0,,
0x4635b0,93,opus,O22,matched,100.0,,
0x47f7e0,102,opus,O22,matched,100.0,,
0x4b6a80,111,opus,O22,matched,100.0,,
0x4813b0,123,opus,O22,matched,100.0,,
0x46d630,134,opus,O22,matched,100.0,,
0x47fa30,146,opus,O22,matched,100.0,,
0x4e2f90,65,opus,O23,matched,100.0,,
0x4a1200,72,opus,O23,matched,100.0,,
0x493340,79,opus,O23,matched,100.0,,
0x49c920,87,opus,O23,matched,100.0,,
0x47f780,93,opus,O23,matched,100.0,,
0x47f850,102,opus,O23,matched,100.0,,
0x408c40,112,opus,O23,matched,100.0,,
0x4a04f0,123,opus,O23,matched,100.0,,
0x46e330,134,opus,O23,matched,100.0,,
0x48f250,146,opus,O23,matched,100.0,,
0x4ab040,17,haiku,H18,matched,100.0,,
0x4c61f0,18,haiku,H18,matched,100.0,,
0x433b00,19,haiku,H18,matched,100.0,,
0x4d84a0,19,haiku,H18,matched,100.0,,
0x49fad0,21,haiku,H18,matched,100.0,,
0x4ba640,22,haiku,H18,matched,100.0,,
0x433a10,24,haiku,H18,partial,11.1,,
0x425730,26,haiku,H18,matched,100.0,,
0x450010,27,haiku,H18,matched,100.0,,
0x482110,28,haiku,H18,matched,100.0,,
0x4b73c0,29,haiku,H18,matched,100.0,,
0x44f480,31,haiku,H18,partial,16.0,,
0x44ce50,32,haiku,H18,partial,69.6,,
0x4c1b00,32,haiku,H18,matched,100.0,,
0x4ada10,33,haiku,H18,partial,47.1,,
0x471cd0,34,haiku,H18,partial,75.0,,
0x4d8d40,35,haiku,H18,partial,44.4,,
0x4d1db0,36,haiku,H18,matched,100.0,,
0x490880,38,haiku,H18,partial,25.0,,
0x407a90,40,haiku,H18,partial,8.7,,
0x4166c0,66,opus,O24,matched,100.0,,
0x4bc290,72,opus,O24,matched,100.0,,
0x493390,79,opus,O24,matched,100.0,,
0x4a1990,87,opus,O24,matched,100.0,,
0x480100,93,opus,O24,matched,100.0,,
0x499ba0,102,opus,O24,matched,100.0,,
0x441bc0,112,opus,O24,matched,100.0,,
0x4b6750,123,opus,O24,matched,100.0,,
0x477510,134,opus,O24,matched,100.0,,
0x49fc50,146,opus,O24,matched,100.0,,
0x416db0,66,opus,O25,matched,100.0,,
0x408bf0,73,opus,O25,matched,100.0,,
0x4b2fb0,79,opus,O25,matched,100.0,,
0x4a19f0,87,opus,O25,matched,100.0,,
0x480d50,93,opus,O25,matched,100.0,,
0x4df1e0,102,opus,O25,matched,100.0,,
0x4a0880,112,opus,O25,matched,100.0,,
0x4cedc0,123,opus,O25,matched,100.0,,
0x490a10,134,opus,O25,matched,100.0,,
0x4e2580,146,opus,O25,matched,100.0,,
0x425750,66,opus,O26,matched,100.0,,
0x40ad20,73,opus,O26,matched,100.0,,
0x4b74f0,79,opus,O26,matched,100.0,,
0x4a1a50,87,opus,O26,matched,100.0,,
0x48f6b0,93,opus,O26,matched,100.0,,
0x4165c0,103,opus,O26,matched,100.0,,
0x437d60,113,opus,O26,matched,100.0,,
0x44e530,124,opus,O26,matched,100.0,,
0x4b6cc0,134,opus,O26,matched,100.0,,
0x415dc0,147,opus,O26,matched,100.0,,
0x415b30,41,sonnet,S13,matched,100.0,,
0x4e1560,45,sonnet,S13,matched,100.0,,
0x4dd1b0,49,sonnet,S13,matched,100.0,,
0x4da860,53,sonnet,S13,matched,100.0,,
0x48f840,57,sonnet,S13,matched,100.0,,
0x4597f0,61,sonnet,S13,matched,100.0,,
0x41da10,26,sonnet,S13,matched,100.0,,escalated from Haiku
0x4b4bf0,29,sonnet,S13,matched,100.0,,escalated from Haiku
0x46e610,34,sonnet,S13,matched,100.0,,escalated from Haiku
0x407350,40,sonnet,S13,matched,100.0,,escalated from Haiku
0x471f40,66,opus,O27,matched,100.0,,
0x40d620,73,opus,O27,matched,100.0,,
0x4dd250,79,opus,O27,matched,100.0,,
0x4ab510,87,opus,O27,matched,100.0,,
0x49d0c0,93,opus,O27,matched,100.0,,
0x417570,103,opus,O27,matched,100.0,,
0x44cf60,113,opus,O27,matched,100.0,,
0x452c40,124,opus,O27,matched,100.0,,
0x44b330,135,opus,O27,matched,100.0,,
0x435980,147,opus,O27,matched,100.0,,
0x433a10,24,sonnet,S14,matched,100.0,,escalated from Haiku
0x44f480,31,sonnet,S14,matched,100.0,,escalated from Haiku
0x44ce50,32,sonnet,S14,matched,100.0,,escalated from Haiku
0x4ada10,33,sonnet,S14,matched,100.0,,escalated from Haiku
0x471cd0,34,sonnet,S14,matched,100.0,,escalated from Haiku
0x4d8d40,35,sonnet,S14,matched,100.0,,escalated from Haiku
0x490880,38,sonnet,S14,matched,100.0,,escalated from Haiku
0x407a90,40,sonnet,S14,matched,100.0,,escalated from Haiku
0x4a1030,66,opus,O28,matched,100.0,,
0x42a3b0,73,opus,O28,matched,100.0,,
0x4dd7d0,79,opus,O28,matched,100.0,,
0x4c5bc0,87,opus,O28,matched,100.0,,
0x4acc70,93,opus,O28,matched,100.0,,
0x43e400,103,opus,O28,matched,100.0,,
0x44e250,113,opus,O28,matched,100.0,,
0x456290,124,opus,O28,matched,100.0,,
0x451540,135,opus,O28,matched,100.0,,
0x465fb0,147,opus,O28,matched,100.0,,
0x4c1ab0,66,opus,O29,partial,90.0,,
0x43c940,73,opus,O29,matched,100.0,,
0x4ddc90,79,opus,O29,matched,100.0,,
0x4d80d0,87,opus,O29,matched,100.0,,
0x4b0a10,93,opus,O29,matched,100.0,,
0x466b00,103,opus,O29,matched,100.0,,
0x4a5030,113,opus,O29,matched,100.0,,
0x46f720,124,opus,O29,matched,100.0,,
0x4afc60,135,opus,O29,matched,100.0,,
0x474d50,147,opus,O29,matched,100.0,,
0x4ab190,17,haiku,H19,matched,100.0,,
0x4c6b40,18,haiku,H19,matched,100.0,,
0x4345c0,19,haiku,H19,matched,100.0,,
0x415b90,20,haiku,H19,matched,100.0,,
0x49fcf0,21,haiku,H19,matched,100.0,,
0x4ba690,22,haiku,H19,matched,100.0,,
0x4352b0,24,haiku,H19,matched,100.0,,
0x439dd0,26,haiku,H19,matched,100.0,,
0x461990,27,haiku,H19,matched,100.0,,
0x4abd00,28,haiku,H19,matched,100.0,,
0x4c2340,29,haiku,H19,matched,100.0,,
0x471c80,31,haiku,H19,matched,100.0,,
0x44cff0,32,haiku,H19,matched,100.0,,
0x4c54d0,32,haiku,H19,partial,57.1,,
0x4b7e00,33,haiku,H19,matched,100.0,,
0x480cb0,34,haiku,H19,matched,100.0,,
0x4dbb90,35,haiku,H19,matched,100.0,,
0x40ba80,37,haiku,H19,partial,20.0,,
0x4afcf0,38,haiku,H19,matched,100.0,,
0x4085d0,40,haiku,H19,partial,27.3,,
0x4ca400,66,opus,O30,matched,100.0,,
0x48ecb0,73,opus,O30,matched,100.0,,
0x4e3030,79,opus,O30,matched,100.0,,
0x40f000,88,opus,O30,matched,100.0,,
0x403100,94,opus,O30,matched,100.0,,
0x48f370,103,opus,O30,matched,100.0,,
0x4ae300,113,opus,O30,matched,100.0,,
0x488f30,124,opus,O30,matched,100.0,,
0x4b0830,135,opus,O30,matched,100.0,,
0x49c880,147,opus,O30,partial,67.4,,
0x4e2ee0,66,opus,O31,matched,100.0,,
0x48f160,73,opus,O31,matched,100.0,,
0x479590,80,opus,O31,matched,100.0,,
0x423bf0,88,opus,O31,matched,100.0,,
0x45cf60,94,opus,O31,matched,100.0,,
0x48f4c0,103,opus,O31,matched,100.0,,
0x4b6ff0,113,opus,O31,matched,100.0,,
0x4bb5d0,124,opus,O31,matched,100.0,,
0x4bb710,135,opus,O31,matched,100.0,,
0x4a6a40,147,opus,O31,matched,100.0,,
0x416690,41,sonnet,S15,matched,100.0,,
0x4bab00,43,sonnet,S15,matched,100.0,,
0x4a1920,46,sonnet,S15,matched,100.0,,
0x4d8820,48,sonnet,S15,matched,100.0,,
0x439df0,51,sonnet,S15,matched,100.0,,
0x47c2f0,54,sonnet,S15,matched,100.0,,
0x4cfe40,56,sonnet,S15,matched,100.0,,
0x474d10,58,sonnet,S15,matched,100.0,,
0x4774d0,60,sonnet,S15,matched,100.0,,
0x401fd0,63,sonnet,S15,matched,100.0,,
0x4bb650,17,haiku,H20,matched,100.0,,
0x4ce7a0,18,haiku,H20,matched,100.0,,
0x438830,19,haiku,H20,matched,100.0,,
0x417130,20,haiku,H20,matched,100.0,,
0x4bbc10,21,haiku,H20,matched,100.0,,
0x4ba6e0,22,haiku,H20,matched,100.0,,
0x461d80,24,haiku,H20,matched,100.0,,
0x44f570,26,haiku,H20,matched,100.0,,
0x462a40,27,haiku,H20,matched,100.0,,
0x4ac080,28,haiku,H20,partial,73.7,,
0x4c2360,29,haiku,H20,matched,100.0,,
0x471ca0,31,haiku,H20,partial,11.1,,
0x44d450,32,haiku,H20,matched,100.0,,
0x4e2cc0,32,haiku,H20,partial,53.8,,
0x4b7e30,33,haiku,H20,partial,100.0,,did not compile; rewritten by Opus orchestrator
0x48f9a0,34,haiku,H20,matched,100.0,,
0x42db60,36,haiku,H20,partial,66.7,,
0x417030,37,haiku,H20,matched,100.0,,
0x4b73e0,38,haiku,H20,matched,100.0,,
0x4087e0,40,haiku,H20,partial,50.0,,
0x462470,41,sonnet,S16,matched,100.0,,
0x4e1700,44,sonnet,S16,matched,100.0,,
0x4addf0,48,sonnet,S16,matched,100.0,,
0x40eb30,52,sonnet,S16,matched,100.0,,
0x4b0d20,55,sonnet,S16,matched,100.0,,
0x4bce60,58,sonnet,S16,matched,100.0,,
0x4174e0,62,sonnet,S16,matched,100.0,,
0x4c54d0,32,sonnet,S16,matched,100.0,,escalated from Haiku
0x40ba80,37,sonnet,S16,matched,100.0,,escalated from Haiku
0x4085d0,40,sonnet,S16,matched,100.0,,escalated from Haiku
0x4b07c0,107,opus,O30,matched,100.0,,neighbour defined alongside 0x4b0830
0x421e60,67,opus,O32,matched,100.0,,
0x48f900,73,opus,O32,matched,100.0,,
0x47bf20,80,opus,O32,matched,100.0,,
0x461180,87,opus,O32,matched,100.0,,
0x47c4d0,94,opus,O32,matched,100.0,,
0x4958c0,103,opus,O32,matched,100.0,,
0x4ce1e0,114,opus,O32,matched,100.0,,
0x4428f0,125,opus,O32,matched,100.0,,
0x4be320,135,opus,O32,matched,100.0,,
0x432610,148,opus,O32,matched,100.0,,
0x4b7e30,33,opus,O6,matched,100.0,,escalated from Haiku: copy constructor with a handle member
0x4cb7d0,17,haiku,H21,matched,100.0,,
0x4e2180,18,haiku,H21,matched,100.0,,
0x438850,19,haiku,H21,matched,100.0,,
0x4615f0,20,haiku,H21,matched,100.0,,
0x4d3d70,21,haiku,H21,matched,100.0,,
0x4d0660,22,haiku,H21,matched,100.0,,
0x48df90,24,haiku,H21,matched,100.0,,
0x480e30,26,haiku,H21,matched,100.0,,
0x46bf00,27,haiku,H21,matched,100.0,,
0x4b6840,28,haiku,H21,matched,100.0,,
0x4c9d10,29,haiku,H21,matched,100.0,,
0x47acb0,31,haiku,H21,matched,100.0,,
0x44d910,32,haiku,H21,matched,100.0,,
0x416d20,33,haiku,H21,matched,100.0,,
0x4c5470,33,haiku,H21,matched,100.0,,
0x4b5910,34,haiku,H21,partial,40.0,,
0x4339e0,36,haiku,H21,matched,100.0,,
0x417060,37,haiku,H21,partial,10.5,,
0x4b7410,38,haiku,H21,matched,100.0,,
0x41c150,40,haiku,H21,matched,100.0,,
0x434a60,67,opus,O33,matched,100.0,,
0x4d8c00,73,opus,O33,matched,100.0,,
0x49fb50,80,opus,O33,matched,100.0,,
0x42a2c0,88,opus,O33,matched,100.0,,
0x4907e0,94,opus,O33,matched,100.0,,
0x49af90,103,opus,O33,matched,100.0,,
0x440a70,115,opus,O33,matched,100.0,,
0x445e50,125,opus,O33,matched,100.0,,
0x43b730,136,opus,O33,matched,100.0,,
0x496b10,148,opus,O33,matched,100.0,,
0x457af0,67,opus,O34,matched,100.0,,
0x4e0570,73,opus,O34,matched,100.0,,
0x49fba0,80,opus,O34,matched,100.0,,
0x432b00,88,opus,O34,matched,100.0,,
0x4bb260,94,opus,O34,matched,100.0,,
0x4cf4d0,103,opus,O34,matched,100.0,,
0x485420,115,opus,O34,matched,100.0,,
0x44f940,125,opus,O34,matched,100.0,,
0x48ff40,136,opus,O34,matched,100.0,,
0x4cf0b0,148,opus,O34,matched,100.0,,
0x463680,41,sonnet,S17,matched,100.0,,
0x4b6720,46,sonnet,S17,matched,100.0,,
0x471120,51,sonnet,S17,matched,100.0,,
0x4d7450,56,sonnet,S17,no file,0,,
0x48c150,60,sonnet,S17,matched,100.0,,
0x4ac080,28,sonnet,S17,matched,100.0,,escalated from Haiku
0x471ca0,31,sonnet,S17,matched,100.0,,escalated from Haiku
0x4e2cc0,32,sonnet,S17,matched,100.0,,escalated from Haiku
0x42db60,36,sonnet,S17,matched,100.0,,escalated from Haiku
0x4087e0,40,sonnet,S17,matched,100.0,,escalated from Haiku
0x492330,41,sonnet,S18,matched,100.0,,
0x4bbbe0,43,sonnet,S18,matched,100.0,,
0x4bbd00,46,sonnet,S18,matched,100.0,,
0x46d4c0,49,sonnet,S18,matched,100.0,,
0x474720,51,sonnet,S18,matched,100.0,,
0x49f640,54,sonnet,S18,matched,100.0,,
0x40d700,57,sonnet,S18,matched,100.0,,
0x475880,58,sonnet,S18,matched,100.0,,
0x490ac0,60,sonnet,S18,matched,100.0,,
0x45ba20,63,sonnet,S18,matched,100.0,,
0x417060,37,opus,O6,matched,100.0,,escalated from Haiku: bit toggle template
0x4cfeb0,17,haiku,H22,matched,100.0,,
0x403160,19,haiku,H22,matched,100.0,,
0x44ee70,19,haiku,H22,matched,100.0,,
0x470ed0,20,haiku,H22,matched,100.0,,
0x4d8580,21,haiku,H22,matched,100.0,,
0x4ddbe0,22,haiku,H22,matched,100.0,,
0x49e610,24,haiku,H22,matched,100.0,,
0x4897e0,26,haiku,H22,partial,69.2,,
0x46ff70,27,haiku,H22,matched,100.0,,
0x4c0310,28,haiku,H22,matched,100.0,,
0x4d9f30,29,haiku,H22,partial,52.6,,
0x480c30,31,haiku,H22,partial,50.0,,
0x44e7b0,32,haiku,H22,matched,100.0,,
0x432cf0,33,haiku,H22,partial,100.0,,
0x4c54a0,33,haiku,H22,partial,100.0,,
0x4b6340,34,haiku,H22,partial,55.6,,
0x434400,36,haiku,H22,partial,88.0,,
0x41cd20,37,haiku,H22,partial,42.1,,
0x4c13a0,38,haiku,H22,matched,100.0,,
0x41c390,40,haiku,H22,matched,100.0,,
0x457b40,67,opus,O35,matched,100.0,,
0x416460,74,opus,O35,matched,100.0,,
0x49fbf0,80,opus,O35,matched,100.0,,
0x4385f0,88,opus,O35,matched,100.0,,
0x4d81a0,94,opus,O35,matched,100.0,,
0x4d5c60,103,opus,O35,matched,100.0,,
0x49ff10,115,opus,O35,matched,100.0,,
0x4908c0,125,opus,O35,matched,100.0,,
0x4a1530,136,opus,O35,matched,100.0,,
0x42f740,149,opus,O35,matched,100.0,,
0x466580,67,opus,O36,matched,100.0,,
0x416730,74,opus,O36,matched,100.0,,
0x4b52e0,80,opus,O36,matched,100.0,,
0x446f50,88,opus,O36,matched,100.0,,
0x4010b0,95,opus,O36,matched,100.0,,
0x44afb0,104,opus,O36,matched,100.0,,
0x4b4cf0,115,opus,O36,matched,100.0,,
0x49ff90,125,opus,O36,matched,100.0,,
0x4c4630,136,opus,O36,matched,100.0,,
0x458d30,149,opus,O36,matched,100.0,,
0x4b7070,41,sonnet,S19,matched,100.0,,
0x4c43f0,43,sonnet,S19,matched,100.0,,
0x4df250,46,sonnet,S19,matched,100.0,,
0x480570,49,sonnet,S19,matched,100.0,,
0x47cb00,51,sonnet,S19,matched,100.0,,
0x4ac130,54,sonnet,S19,matched,100.0,,
0x428c90,57,sonnet,S19,matched,100.0,,
0x486ed0,58,sonnet,S19,matched,100.0,,
0x4a11c0,60,sonnet,S19,matched,100.0,,
0x46fb40,63,sonnet,S19,matched,100.0,,
0x488a00,67,opus,O37,matched,100.0,,
0x422460,74,opus,O37,matched,100.0,,
0x4c2de0,80,opus,O37,matched,100.0,,
0x45c510,88,opus,O37,matched,100.0,,
0x4c6a60,92,opus,O37,matched,100.0,,
0x4b6f00,101,opus,O37,matched,100.0,,
0x452370,111,opus,O37,matched,100.0,,
0x4e1d60,122,opus,O37,matched,100.0,,
0x41c3c0,137,opus,O37,matched,100.0,,
0x4c6d20,149,opus,O37,matched,100.0,,
0x4d80b0,17,haiku,H23,matched,100.0,,
0x40a5b0,19,haiku,H23,matched,100.0,,
0x458160,19,haiku,H23,matched,100.0,,
0x4c5ba0,19,haiku,H23,matched,100.0,,
0x4d8690,21,haiku,H23,matched,100.0,,
0x4e2a10,22,haiku,H23,matched,100.0,,
0x41d9f0,24,haiku,H23,matched,100.0,,
0x490aa0,26,haiku,H23,matched,100.0,,
0x49f580,27,haiku,H23,partial,72.0,,
0x4cfba0,28,haiku,H23,matched,100.0,,
0x4175e0,30,haiku,H23,matched,100.0,,
0x4b3750,31,haiku,H23,matched,100.0,,
0x44f590,32,haiku,H23,partial,75.0,,
0x43c360,33,haiku,H23,matched,100.0,,
0x40c200,34,haiku,H23,matched,100.0,,
0x4d87f0,34,haiku,H23,matched,100.0,,
0x43c020,36,haiku,H23,matched,100.0,,
0x431920,37,haiku,H23,matched,100.0,,
0x4d8bd0,38,haiku,H23,matched,100.0,,
0x41da30,40,haiku,H23,matched,100.0,,
0x48a0a0,67,opus,O38,matched,100.0,,
0x44dcb0,74,opus,O38,matched,100.0,,
0x4c5d10,80,opus,O38,matched,100.0,,
0x462ed0,88,opus,O38,matched,100.0,,
0x4dd1f0,92,opus,O38,matched,100.0,,
0x4b8bf0,101,opus,O38,matched,100.0,,
0x45d0c0,111,opus,O38,matched,100.0,,
0x4e2a30,122,opus,O38,matched,100.0,,
0x43cb20,137,opus,O38,matched,100.0,,
0x4c6e70,149,opus,O38,matched,100.0,,
0x48bd00,67,opus,O39,matched,100.0,,
0x44f150,74,opus,O39,matched,100.0,,
0x41d8c0,81,opus,O39,matched,100.0,,
0x46e9b0,88,opus,O39,matched,100.0,,
0x422e40,95,opus,O39,matched,100.0,,
0x4d0b10,101,opus,O39,matched,100.0,,
0x4b6f70,115,opus,O39,partial,76.3,,
0x4c5df0,124,opus,O39,matched,100.0,,
0x4469c0,137,opus,O39,matched,100.0,,
0x41df20,150,opus,O39,matched,100.0,,
0x4e33d0,41,sonnet,S20,matched,100.0,,
0x4d8360,43,sonnet,S20,matched,100.0,,
0x4e05c0,46,sonnet,S20,matched,100.0,,
0x489540,49,sonnet,S20,matched,100.0,,
0x4b3370,51,sonnet,S20,matched,100.0,,
0x4c1a60,54,sonnet,S20,matched,100.0,,
0x4d0c10,56,sonnet,S20,partial,32.3,,
0x475110,58,sonnet,S20,matched,100.0,,
0x4800c0,60,sonnet,S20,partial,24.0,,
0x471430,63,sonnet,S20,matched,100.0,,
0x4da8a0,17,haiku,H24,partial,44.4,,
0x40b370,19,haiku,H24,matched,100.0,,
0x464b10,19,haiku,H24,matched,100.0,,
0x474cb0,20,haiku,H24,partial,33.3,,
0x4d86f0,21,haiku,H24,matched,100.0,,
0x460f40,23,haiku,H24,matched,100.0,,
0x4b48f0,24,haiku,H24,matched,100.0,,
0x4ab170,26,haiku,H24,matched,100.0,,
0x4afd40,27,haiku,H24,matched,100.0,,
0x4d0a70,28,haiku,H24,matched,100.0,,
0x419bc0,30,haiku,H24,matched,100.0,,
0x4bb7a0,31,haiku,H24,matched,100.0,,
0x45b860,32,haiku,H24,matched,100.0,,
0x4628a0,33,haiku,H24,partial,70.0,,
0x40c530,34,haiku,H24,partial,81.5,,
0x4d8df0,34,haiku,H24,partial,44.4,,
0x46a400,36,haiku,H24,matched,100.0,,
0x4356c0,37,haiku,H24,partial,83.9,,
0x4e1680,38,haiku,H24,matched,100.0,,
0x439cf0,40,haiku,H24,partial,58.1,,
0x4b75d0,67,opus,O40,matched,100.0,,
0x44f650,74,opus,O40,matched,100.0,,
0x41f700,81,opus,O40,matched,100.0,,
0x485010,88,opus,O40,matched,100.0,,
0x42a870,95,opus,O40,matched,100.0,,
0x4515d0,104,opus,O40,matched,100.0,,
0x4befe0,115,opus,O40,matched,100.0,,
0x4a0010,125,opus,O40,matched,100.0,,
0x44b600,137,opus,O40,matched,100.0,,
0x45c630,150,opus,O40,matched,100.0,,
0x4bb0a0,67,opus,O41,matched,100.0,,
0x44fdb0,74,opus,O41,matched,100.0,,
0x435920,81,opus,O41,matched,100.0,,
0x490f80,88,opus,O41,matched,100.0,,
0x444be0,95,opus,O41,matched,100.0,,
0x47c230,104,opus,O41,matched,100.0,,
0x4c3410,115,opus,O41,matched,100.0,,
0x4a0180,125,opus,O41,matched,100.0,,
0x44d470,137,opus,O41,matched,100.0,,
0x47f8c0,150,opus,O41,matched,100.0,,
0x40c530,34,sonnet,S21,matched,100.0,,escalated from Haiku
0x4356c0,37,sonnet,S21,matched,100.0,,escalated from Haiku
0x439cf0,40,sonnet,S21,matched,100.0,,escalated from Haiku
0x44f590,32,sonnet,S21,matched,100.0,,escalated from Haiku
0x4628a0,33,sonnet,S21,matched,100.0,,escalated from Haiku
0x474cb0,20,sonnet,S21,matched,100.0,,escalated from Haiku
0x49f580,27,sonnet,S21,matched,100.0,,escalated from Haiku
0x4b5910,34,sonnet,S21,matched,100.0,,escalated from Haiku
0x4d8df0,34,sonnet,S21,matched,100.0,,escalated from Haiku
0x4da8a0,17,sonnet,S21,matched,100.0,,escalated from Haiku
0x40d000,18,haiku,H25,matched,100.0,,
0x40c560,19,haiku,H25,matched,100.0,,
0x470250,19,haiku,H25,matched,100.0,,
0x475090,20,haiku,H25,matched,100.0,,
0x4da2a0,21,haiku,H25,matched,100.0,,
0x471d70,23,haiku,H25,matched,100.0,,
0x4c1420,24,haiku,H25,matched,100.0,,
0x4ab290,26,haiku,H25,matched,100.0,,
0x4afd60,27,haiku,H25,matched,100.0,,
0x4d0a90,28,haiku,H25,partial,38.1,,
0x432c00,30,haiku,H25,matched,100.0,,
0x4c9390,31,haiku,H25,partial,71.4,,
0x481470,32,haiku,H25,partial,70.0,,
0x46d500,33,haiku,H25,partial,50.0,,
0x40c580,34,haiku,H25,partial,81.5,,
0x4d8e20,34,haiku,H25,partial,44.4,,
0x4b7f30,36,haiku,H25,partial,12.5,,
0x44f260,37,haiku,H25,partial,61.5,,
0x416590,39,haiku,H25,matched,100.0,,
0x44df80,40,haiku,H25,partial,53.3,,
0x4c9d30,67,opus,O42,matched,100.0,,
0x46faf0,74,opus,O42,matched,100.0,,
0x439d20,81,opus,O42,matched,100.0,,
0x499c70,88,opus,O42,matched,100.0,,
0x44e2d0,95,opus,O42,matched,100.0,,
0x4a15c0,104,opus,O42,matched,100.0,,
0x41f680,116,opus,O42,matched,100.0,,
0x4a0200,125,opus,O42,matched,100.0,,
0x44f5c0,137,opus,O42,matched,100.0,,
0x491d70,150,opus,O42,matched,100.0,,
0x4c9d80,67,opus,O43,matched,100.0,,
0x486460,74,opus,O43,matched,100.0,,
0x45bcc0,81,opus,O43,matched,100.0,,
0x49b680,88,opus,O43,matched,100.0,,
0x470e50,95,opus,O43,matched,100.0,,
0x4b8e50,104,opus,O43,matched,100.0,,
0x428730,116,opus,O43,matched,100.0,,
0x4a0280,125,opus,O43,matched,100.0,,
0x45b920,137,opus,O43,matched,100.0,,
0x4aeee0,150,opus,O43,matched,100.0,,
0x4d0a90,28,sonnet,S22,matched,100.0,,escalated from Haiku
0x4c9390,31,sonnet,S22,matched,100.0,,escalated from Haiku
0x481470,32,sonnet,S22,matched,100.0,,escalated from Haiku
0x46d500,33,sonnet,S22,matched,100.0,,escalated from Haiku
0x40c580,34,sonnet,S22,matched,100.0,,escalated from Haiku
0x4d8e20,34,sonnet,S22,matched,100.0,,escalated from Haiku
0x4b7f30,36,sonnet,S22,matched,100.0,,escalated from Haiku
0x44f260,37,sonnet,S22,matched,100.0,,escalated from Haiku
0x44df80,40,sonnet,S22,matched,100.0,,escalated from Haiku
0x458d20,14,opus,O44,matched,100.0,,escalated: replace volatile or close register gap
0x474d10,58,opus,O44,matched,100.0,,escalated: replace volatile or close register gap
0x475110,58,opus,O44,matched,100.0,,escalated: replace volatile or close register gap
0x4d0c10,56,opus,O44,matched,100.0,,escalated: replace volatile or close register gap
0x4800c0,60,opus,O44,matched,100.0,,escalated: replace volatile or close register gap
0x4b6f70,115,opus,O44,matched,100.0,,escalated: replace volatile or close register gap
0x4e0520,67,opus,O45,matched,100.0,,
0x4b67d0,74,opus,O45,matched,100.0,,
0x4636b0,81,opus,O45,matched,100.0,,
0x49e010,88,opus,O45,matched,100.0,,
0x480c50,95,opus,O45,matched,100.0,,
0x41c450,105,opus,O45,matched,100.0,,
0x4287d0,116,opus,O45,matched,100.0,,
0x4de020,125,opus,O45,matched,100.0,,
0x45f770,137,opus,O45,matched,100.0,,
0x4ce5e0,150,opus,O45,matched,100.0,,
0x4251f0,18,haiku,H26,matched,100.0,,
0x40c5b0,19,haiku,H26,matched,100.0,,
0x470270,19,haiku,H26,matched,100.0,,
0x48f610,20,haiku,H26,partial,61.5,,
0x410830,22,haiku,H26,partial,66.7,,
0x491c60,23,haiku,H26,partial,30.8,,
0x4c4420,24,haiku,H26,matched,100.0,,
0x4ab4c0,26,haiku,H26,partial,66.7,,
0x4b3410,27,haiku,H26,matched,100.0,,
0x4dfe80,28,haiku,H26,matched,100.0,,
0x432c20,30,haiku,H26,partial,56.0,,
0x4c9790,31,haiku,H26,partial,28.6,,
0x489a70,32,haiku,H26,matched,100.0,,
0x472e00,33,haiku,H26,partial,66.7,,
0x40c5d0,34,haiku,H26,partial,81.5,,
0x406c40,35,haiku,H26,partial,51.6,,
0x4ba590,36,haiku,H26,partial,63.2,,
0x4794d0,37,haiku,H26,partial,51.9,,
0x417300,39,haiku,H26,partial,0.0,,
0x467a20,40,haiku,H26,partial,14.3,,
0x401000,42,sonnet,S23,matched,100.0,,
0x414350,44,sonnet,S23,matched,100.0,,
0x403070,47,sonnet,S23,matched,100.0,,
0x490f40,49,sonnet,S23,matched,100.0,,
0x4dfd10,51,sonnet,S23,matched,100.0,,
0x416420,55,sonnet,S23,matched,100.0,,
0x440a00,57,sonnet,S23,matched,100.0,,
0x4909a0,58,sonnet,S23,matched,100.0,,
0x4d9c60,60,sonnet,S23,matched,100.0,,
0x471560,63,sonnet,S23,matched,100.0,,
0x4e0740,67,opus,O46,matched,100.0,,
0x4c45e0,74,opus,O46,matched,100.0,,
0x4c5840,81,opus,O46,matched,100.0,,
0x4c2ac0,88,opus,O46,matched,100.0,,
0x496db0,95,opus,O46,matched,100.0,,
0x456050,105,opus,O46,matched,100.0,,
0x428850,116,opus,O46,matched,100.0,,
0x4012a0,126,opus,O46,matched,100.0,,
0x4623e0,137,opus,O46,matched,100.0,,
0x429660,151,opus,O46,matched,100.0,,
0x48f610,20,sonnet,S24,matched,100.0,,escalated from H26
0x410830,22,sonnet,S24,matched,100.0,,escalated from H26
0x491c60,23,sonnet,S24,matched,100.0,,escalated from H26
0x4ab4c0,26,sonnet,S24,matched,100.0,,escalated from H26
0x432c20,30,sonnet,S24,matched,100.0,,escalated from H26
0x4c9790,31,sonnet,S24,matched,100.0,,escalated from H26
0x472e00,33,sonnet,S24,matched,100.0,,escalated from H26
0x40c5d0,34,sonnet,S24,matched,100.0,,escalated from H26
0x406c40,35,sonnet,S24,matched,100.0,,escalated from H26
0x4ba590,36,sonnet,S24,matched,100.0,,escalated from H26
0x4794d0,37,sonnet,S24,matched,100.0,,escalated from H26
0x417300,39,sonnet,S24,matched,100.0,,escalated from H26
0x467a20,40,sonnet,S24,matched,100.0,,escalated from H26
0x429850,18,haiku,H27,matched,100.0,,
0x40ca30,19,haiku,H27,matched,100.0,,
0x470f60,19,haiku,H27,matched,100.0,,
0x48fd50,20,haiku,H27,partial,11.8,,
0x44ced0,22,haiku,H27,matched,100.0,,
0x49f6a0,23,haiku,H27,matched,100.0,,
0x4c5170,24,haiku,H27,matched,100.0,,
0x4b6820,26,haiku,H27,matched,100.0,,
0x4da590,27,haiku,H27,matched,100.0,,
0x4e1460,28,haiku,H27,matched,100.0,,
0x435c00,30,haiku,H27,matched,100.0,,
0x4d8850,31,haiku,H27,matched,100.0,,
0x490630,32,haiku,H27,matched,100.0,,
0x472f60,33,haiku,H27,partial,23.1,,
0x416660,34,haiku,H27,partial,10.5,,
0x40d4f0,35,haiku,H27,partial,82.4,,
0x4ba5c0,36,haiku,H27,matched,100.0,,
0x479500,37,haiku,H27,matched,100.0,,
0x441430,39,haiku,H27,matched,100.0,,
0x47a8e0,40,haiku,H27,partial,23.5,,
0x450090,161,opus,O47,matched,100.0,,
0x48aac0,173,opus,O47,matched,100.0,,
0x4605c0,187,opus,O47,matched,100.0,,
0x41bd10,203,opus,O47,matched,100.0,,
0x4ca6a0,223,opus,O47,matched,100.0,,
0x4de600,243,opus,O47,matched,100.0,,
0x4e0790,67,opus,O48,matched,100.0,,
0x4d8200,74,opus,O48,matched,100.0,,
0x4d00d0,81,opus,O48,matched,100.0,,
0x4d0070,88,opus,O48,matched,100.0,,
0x4c38f0,95,opus,O48,matched,100.0,,
0x45b030,105,opus,O48,matched,100.0,,
0x437320,116,opus,O48,matched,100.0,,
0x44f720,126,opus,O48,matched,100.0,,
0x4cee50,137,opus,O48,matched,100.0,,
0x440cd0,151,opus,O48,matched,100.0,,
0x48fd50,20,sonnet,S25,matched,100.0,,escalated from H27
0x472f60,33,sonnet,S25,matched,100.0,,escalated from H27
0x416660,34,sonnet,S25,matched,100.0,,escalated from H27
0x40d4f0,35,sonnet,S25,matched,100.0,,escalated from H27
0x47a8e0,40,sonnet,S25,partial,50.0,,escalated from H27; matched afterwards by the orchestrator (the function returns void)
0x4b06b0,63,opus,O49,matched,100.0,,consolidation of Class_004b0610
0x4e2fe0,67,opus,O50,matched,100.0,,
0x40a100,75,opus,O50,matched,100.0,,
0x4d1aa0,81,opus,O50,matched,100.0,,
0x4dce00,88,opus,O50,matched,100.0,,
0x4c3c60,95,opus,O50,matched,100.0,,
0x45b9b0,105,opus,O50,matched,100.0,,
0x45a8d0,116,opus,O50,matched,100.0,,
0x44f7e0,126,opus,O50,matched,100.0,,
0x4d0b80,137,opus,O50,matched,100.0,,
0x470ae0,151,opus,O50,matched,100.0,,
0x40b320,68,opus,O51,matched,100.0,,
0x4161f0,75,opus,O51,matched,100.0,,
0x4d1c00,81,opus,O51,matched,100.0,,
0x4e03f0,88,opus,O51,matched,100.0,,
0x4cb590,95,opus,O51,matched,100.0,,
0x4769f0,105,opus,O51,matched,100.0,,
0x45fbc0,116,opus,O51,matched,100.0,,
0x457cb0,126,opus,O51,matched,100.0,,
0x443070,138,opus,O51,matched,100.0,,
0x4ba880,151,opus,O51,matched,100.0,,
0x4578d0,18,haiku,H28,matched,100.0,,
0x40d4c0,19,haiku,H28,matched,100.0,,
0x4736c0,19,haiku,H28,matched,100.0,,
0x4bcee0,20,haiku,H28,matched,100.0,,
0x44e3a0,22,haiku,H28,matched,100.0,,
0x4a1950,23,haiku,H28,matched,100.0,,
0x40d5e0,25,haiku,H28,matched,100.0,,
0x4b6b80,26,haiku,H28,partial,53.3,,
0x40e9c0,28,haiku,H28,matched,100.0,,
0x4e2d70,28,haiku,H28,matched,100.0,,
0x4da840,30,haiku,H28,matched,100.0,,
0x407390,32,haiku,H28,partial,64.0,,
0x490840,32,haiku,H28,partial,64.0,,
0x4730c0,33,haiku,H28,matched,100.0,,
0x416e00,34,haiku,H28,partial,10.5,,
0x40d520,35,haiku,H28,matched,100.0,,
0x4ba610,36,haiku,H28,matched,100.0,,
0x47f750,37,haiku,H28,partial,26.1,,
0x47f960,39,haiku,H28,partial,23.5,,
0x47f090,40,haiku,H28,partial,59.3,,
0x4232a0,68,opus,O52,matched,100.0,,
0x4163d0,75,opus,O52,matched,100.0,,
0x4d8790,81,opus,O52,matched,100.0,,
0x417430,89,opus,O52,matched,100.0,,
0x415e90,96,opus,O52,matched,100.0,,
0x48fdf0,105,opus,O52,matched,100.0,,
0x4b0510,116,opus,O52,matched,100.0,,
0x4679a0,126,opus,O52,matched,100.0,,
0x45ba60,138,opus,O52,matched,100.0,,
0x43a020,152,opus,O52,matched,100.0,,
0x45bf60,161,opus,O53,matched,100.0,,
0x4c9b70,169,opus,O53,matched,100.0,,
0x45bea0,179,opus,O53,matched,100.0,,
0x419400,192,opus,O53,partial,85.7,,
0x41d920,203,opus,O53,matched,100.0,,
0x43a1f0,218,opus,O53,matched,100.0,,
0x417a60,232,opus,O53,matched,100.0,,
0x4468c0,248,opus,O53,matched,100.0,,
0x438730,42,opus,O54,matched,100.0,,
0x41c2b0,43,opus,O54,matched,100.0,,
0x416d50,46,opus,O54,matched,100.0,,
0x4c22a0,47,opus,O54,matched,100.0,,
0x42a400,50,opus,O54,matched,100.0,,
0x4177a0,52,opus,O54,matched,100.0,,
0x49e570,53,opus,O54,matched,100.0,,
0x41b2a0,56,opus,O54,matched,100.0,,
0x48fcd0,57,opus,O54,matched,100.0,,
0x48f5d0,59,opus,O54,matched,100.0,,
0x4ce190,61,opus,O54,matched,100.0,,
0x490650,63,opus,O54,matched,100.0,,
0x4b6b80,26,sonnet,S26,matched,100.0,,escalated from H28
0x407390,32,sonnet,S26,matched,100.0,,escalated from H28
0x490840,32,sonnet,S26,matched,100.0,,escalated from H28
0x416e00,34,sonnet,S26,matched,100.0,,escalated from H28
0x47f750,37,sonnet,S26,matched,100.0,,escalated from H28
0x47f960,39,sonnet,S26,matched,100.0,,escalated from H28
0x47f090,40,sonnet,S26,matched,100.0,,escalated from H28
0x471d50,18,opus,O55,matched,100.0,,
0x40d600,19,opus,O55,matched,100.0,,
0x473b30,19,opus,O55,matched,100.0,,
0x4c1a40,20,opus,O55,matched,100.0,,
0x44feb0,22,opus,O55,matched,100.0,,
0x4a1970,23,opus,O55,matched,100.0,,
0x40f1e0,25,opus,O55,matched,100.0,,
0x4c6ac0,26,opus,O55,matched,100.0,,
0x416a90,28,opus,O55,matched,100.0,,
0x4e2e00,28,opus,O55,matched,100.0,,
0x4e1d20,30,opus,O55,matched,100.0,,
0x407980,32,opus,O55,matched,100.0,,
0x4ae610,32,opus,O55,matched,100.0,,
0x473220,33,opus,O55,matched,100.0,,
0x416e60,34,opus,O55,matched,100.0,,
0x40d580,35,opus,O55,matched,100.0,,
0x4ba660,36,opus,O55,matched,100.0,,
0x48a980,37,opus,O55,matched,100.0,,
0x4a81b0,39,opus,O55,matched,100.0,,
0x4804e0,40,opus,O55,matched,100.0,,
0x4560c0,68,opus,O56,matched,100.0,,
0x417290,71,opus,O56,matched,100.0,,
0x417bb0,78,opus,O56,matched,100.0,,
0x462d30,84,opus,O56,matched,100.0,,
0x4ab2b0,90,opus,O56,matched,100.0,,
0x4a18c0,96,opus,O56,matched,100.0,,
0x48fe60,105,opus,O56,matched,100.0,,
0x43cbb0,109,opus,O56,matched,100.0,,
0x47efe0,121,opus,O56,matched,100.0,,
0x4b6ba0,129,opus,O56,matched,100.0,,
0x484d60,142,opus,O56,matched,100.0,,
0x457a50,154,opus,O56,matched,100.0,,
0x43b700,42,opus,O57,matched,100.0,,
0x4b75a0,42,opus,O57,matched,100.0,,
0x4030d0,45,opus,O57,matched,100.0,,
0x4030a0,47,opus,O57,matched,100.0,,
0x4626e0,48,opus,O57,matched,100.0,,
0x433d50,50,opus,O57,matched,100.0,,
0x44d310,51,opus,O57,matched,100.0,,
0x401180,53,opus,O57,matched,100.0,,
0x464990,55,opus,O57,matched,100.0,,
0x4ca990,56,opus,O57,matched,100.0,,
0x48fd70,57,opus,O57,matched,100.0,,
0x48ef40,59,opus,O57,matched,100.0,,
0x401220,61,opus,O57,matched,100.0,,
0x471f90,62,opus,O57,matched,100.0,,
0x4ddfa0,63,opus,O57,matched,100.0,,
0x44ef60,32,opus,O58,matched,100.0,,consolidation of the 0x4fd428 class family
0x471d90,68,opus,O59,matched,100.0,,
0x44d2c0,71,opus,O59,matched,100.0,,
0x41f630,78,opus,O59,matched,100.0,,
0x47dac0,84,opus,O59,matched,100.0,,
0x4ab3a0,90,opus,O59,matched,100.0,,
0x434470,97,opus,O59,matched,100.0,,
0x494220,105,opus,O59,matched,100.0,,
0x463610,109,opus,O59,matched,100.0,,
0x47f210,121,opus,O59,matched,100.0,,
0x4c23e0,129,opus,O59,matched,100.0,,
0x484df0,142,opus,O59,matched,100.0,,
0x470fb0,154,opus,O59,matched,100.0,,
0x481490,18,opus,O60,matched,100.0,,
0x416710,19,opus,O60,matched,100.0,,
0x4742a0,19,opus,O60,matched,100.0,,
0x4c2bb0,20,opus,O60,matched,100.0,,
0x42e120,21,opus,O60,matched,100.0,,
0x4afd20,23,opus,O60,matched,100.0,,
0x4da0c0,26,opus,O60,matched,100.0,,
0x489260,27,opus,O60,matched,100.0,,
0x4c69a0,28,opus,O60,matched,100.0,,
0x4257a0,31,opus,O60,matched,100.0,,
0x4079d0,32,opus,O60,matched,100.0,,
0x4aef80,32,opus,O60,matched,100.0,,
0x475440,33,opus,O60,matched,100.0,,
0x41b200,34,opus,O60,matched,100.0,,
0x417f30,35,opus,O60,matched,100.0,,
0x4ba6b0,36,opus,O60,matched,100.0,,
0x4909e0,37,opus,O60,matched,100.0,,
0x4b7f00,39,opus,O60,matched,100.0,,
0x4a50b0,40,opus,O60,matched,100.0,,
0x4894f0,68,opus,O61,matched,100.0,,
0x486e80,71,opus,O61,matched,100.0,,
0x424840,78,opus,O61,matched,100.0,,
0x4904c0,84,opus,O61,matched,100.0,,
0x4b3310,90,opus,O61,matched,100.0,,
0x4356f0,97,opus,O61,matched,100.0,,
0x4c33a0,105,opus,O61,matched,100.0,,
0x48c320,109,opus,O61,matched,100.0,,
0x4adf10,121,opus,O61,matched,100.0,,
0x45fb30,130,opus,O61,matched,100.0,,
0x4a1250,142,opus,O61,matched,100.0,,
0x401c20,155,opus,O61,matched,100.0,,
0x440ca0,42,opus,O62,matched,100.0,,
0x4bab60,42,opus,O62,matched,100.0,,
0x473560,45,opus,O62,matched,100.0,,
0x4079a0,47,opus,O62,matched,100.0,,
0x4649d0,48,opus,O62,matched,100.0,,
0x437c90,50,opus,O62,matched,100.0,,
0x4e1410,51,opus,O62,matched,100.0,,
0x401320,53,opus,O62,matched,100.0,,
0x464da0,55,opus,O62,matched,100.0,,
0x44b100,57,opus,O62,matched,100.0,,
0x491e10,57,opus,O62,matched,100.0,,
0x48f0b0,59,opus,O62,matched,100.0,,
0x401260,61,opus,O62,matched,100.0,,
0x480df0,62,opus,O62,matched,100.0,,
0x419ac0,64,opus,O62,matched,100.0,,
0x490da0,68,opus,O63,matched,100.0,,
0x48a440,71,opus,O63,matched,100.0,,
0x429290,78,opus,O63,matched,100.0,,
0x490520,84,opus,O63,matched,100.0,,
0x4b96e0,90,opus,O63,matched,100.0,,
0x452bd0,97,opus,O63,matched,100.0,,
0x4cbb70,105,opus,O63,matched,100.0,,
0x48c9b0,109,opus,O63,matched,100.0,,
0x4b7e60,121,opus,O63,matched,100.0,,
0x470b80,130,opus,O63,matched,100.0,,
0x4acbe0,142,opus,O63,matched,100.0,,
0x411840,155,opus,O63,matched,100.0,,
0x41cd20,37,opus,O64,matched,100.0,,escalated from haiku (never retried)
0x434400,36,opus,O64,matched,100.0,,escalated from haiku (never retried)
0x437c80,16,opus,O64,matched,100.0,,escalated from haiku (never retried)
0x44e720,16,opus,O64,matched,100.0,,escalated from haiku (never retried)
0x44e730,16,opus,O64,matched,100.0,,escalated from haiku (never retried)
0x44ec20,16,opus,O64,matched,100.0,,escalated from haiku (never retried)
0x46fac0,15,opus,O64,matched,100.0,,escalated from haiku (never retried)
0x480c30,31,opus,O64,matched,100.0,,escalated from haiku (never retried)
0x4897e0,26,opus,O64,matched,100.0,,escalated from haiku (never retried)
0x4b6340,34,opus,O64,matched,100.0,,escalated from haiku (never retried)
0x4bbc30,16,opus,O64,matched,100.0,,escalated from haiku (never retried)
0x4bc360,16,opus,O64,matched,100.0,,escalated from haiku (never retried)
0x4d9f30,29,opus,O64,matched,100.0,,escalated from haiku (never retried)
0x49f6c0,68,opus,O65,matched,100.0,,
0x496e90,71,opus,O65,matched,100.0,,
0x442000,78,opus,O65,matched,100.0,,
0x4b3430,84,opus,O65,matched,100.0,,
0x4dd150,90,opus,O65,matched,100.0,,
0x457c10,97,opus,O65,matched,100.0,,
0x417c00,106,opus,O65,matched,100.0,,
0x4da7d0,109,opus,O65,matched,100.0,,
0x4bcf00,121,opus,O65,matched,100.0,,
0x4de810,130,opus,O65,matched,100.0,,
0x4ad980,142,opus,O65,matched,100.0,,
0x4c46c0,155,opus,O65,matched,100.0,,
0x407ac0,32,opus,O66,matched,100.0,,consolidation of the 0x4fc980 family
0x407e70,32,opus,O66,matched,100.0,,consolidation of the 0x4fc980 family
0x408600,32,opus,O66,matched,100.0,,consolidation of the 0x4fc980 family
0x4ca940,68,opus,O67,matched,100.0,,
0x4b6eb0,71,opus,O67,matched,100.0,,
0x480720,78,opus,O67,matched,100.0,,
0x4b3490,84,opus,O67,matched,100.0,,
0x4dd710,90,opus,O67,matched,100.0,,
0x484fa0,97,opus,O67,matched,100.0,,
0x456190,106,opus,O67,matched,100.0,,
0x4de4d0,109,opus,O67,matched,100.0,,
0x4ced40,121,opus,O67,matched,100.0,,
0x402d10,131,opus,O67,matched,100.0,,
0x4add60,142,opus,O67,matched,100.0,,
0x4c4760,155,opus,O67,matched,100.0,,
0x44eef0,42,opus,O68,matched,100.0,,
0x4e21c0,42,opus,O68,matched,100.0,,
0x47ae30,45,opus,O68,matched,100.0,,
0x428c60,47,opus,O68,matched,100.0,,
0x476710,48,opus,O68,matched,100.0,,
0x41dee0,50,opus,O68,matched,100.0,,
0x40f790,51,opus,O68,matched,100.0,,
0x4e3710,52,opus,O68,matched,100.0,,
0x472e70,55,opus,O68,matched,100.0,,
0x473130,57,opus,O68,matched,100.0,,
0x4a4620,57,opus,O68,matched,100.0,,
0x48f330,59,opus,O68,matched,100.0,,
0x416820,61,opus,O68,matched,100.0,,
0x481430,62,opus,O68,matched,100.0,,
0x420920,64,opus,O68,matched,100.0,,
0x4ac970,161,opus,O69,partial,78.0,,
0x41c640,170,opus,O69,matched,100.0,,
0x4ac710,179,opus,O69,matched,100.0,,
0x41eaa0,192,opus,O69,matched,100.0,,
0x439eb0,203,opus,O69,matched,100.0,,
0x4571c0,218,opus,O69,matched,100.0,,
0x43afc0,233,opus,O69,matched,100.0,,
0x450f90,248,opus,O69,matched,100.0,,
0x4d82c0,68,opus,O70,matched,100.0,,
0x4c4470,71,opus,O70,matched,100.0,,
0x484f50,78,opus,O70,matched,100.0,,
0x4bc8d0,84,opus,O70,matched,100.0,,
0x4e2950,90,opus,O70,matched,100.0,,
0x49fe60,97,opus,O70,matched,100.0,,
0x462cc0,106,opus,O70,matched,100.0,,
0x4b9e60,110,opus,O70,matched,100.0,,
0x44f080,122,opus,O70,matched,100.0,,
0x41f760,131,opus,O70,matched,100.0,,
0x4b7a30,142,opus,O70,matched,100.0,,
0x45a470,156,opus,O70,matched,100.0,,
0x49f680,18,opus,O71,matched,100.0,,
0x41e240,19,opus,O71,matched,100.0,,
0x494890,19,opus,O71,matched,100.0,,
0x4c5190,20,opus,O71,matched,100.0,,
0x45c3d0,22,opus,O71,matched,100.0,,
0x4b4fd0,22,opus,O71,matched,100.0,,
0x4e1e30,23,opus,O71,matched,100.0,,
0x467980,25,opus,O71,matched,100.0,,
0x417520,27,opus,O71,matched,100.0,,
0x42f980,28,opus,O71,matched,100.0,,
0x463710,29,opus,O71,matched,100.0,,
0x44eb40,31,opus,O71,matched,100.0,,
0x4b69b0,32,opus,O71,matched,100.0,,
0x48a160,33,opus,O71,matched,100.0,,
0x433a30,34,opus,O71,matched,100.0,,
0x445e20,35,opus,O71,matched,100.0,,
0x4ba700,36,opus,O71,matched,100.0,,
0x499a80,37,opus,O71,matched,100.0,,
0x4c5d60,39,opus,O71,matched,100.0,,
0x4c2310,40,opus,O71,matched,100.0,,
0x4702d0,42,opus,O72,matched,100.0,,
0x416240,43,opus,O72,matched,100.0,,
0x4ae410,45,opus,O72,matched,100.0,,
0x440a40,47,opus,O72,matched,100.0,,
0x490b00,48,opus,O72,matched,100.0,,
0x44f6e0,50,opus,O72,matched,100.0,,
0x406f00,52,opus,O72,matched,100.0,,
0x419630,53,opus,O72,matched,100.0,,
0x473290,55,opus,O72,matched,100.0,,
0x48eac0,57,opus,O72,matched,100.0,,
0x4b5330,57,opus,O72,matched,100.0,,
0x48f480,59,opus,O72,matched,100.0,,
0x4195f0,61,opus,O72,matched,100.0,,
0x4a0ff0,62,opus,O72,matched,100.0,,
0x472e30,64,opus,O72,matched,100.0,,
0x438b90,69,opus,O73,matched,100.0,,
0x494290,75,opus,O73,matched,100.0,,
0x4b4800,78,opus,O73,matched,100.0,,
0x4c1b20,84,opus,O73,matched,100.0,,
0x439f80,91,opus,O73,matched,100.0,,
0x4c1480,97,opus,O73,matched,100.0,,
0x46e550,106,opus,O73,matched,100.0,,
0x4b0590,116,opus,O73,matched,100.0,,
0x46d530,122,opus,O73,matched,100.0,,
0x437910,131,opus,O73,matched,100.0,,
0x407410,143,opus,O73,matched,100.0,,
0x4c2cc0,156,opus,O73,matched,100.0,,
0x470f80,42,opus,O74,matched,100.0,,
0x4467c0,43,opus,O74,matched,100.0,,
0x4b7ad0,45,opus,O74,matched,100.0,,
0x44ce90,47,opus,O74,matched,100.0,,
0x4b6a20,48,opus,O74,matched,100.0,,
0x45b820,50,opus,O74,matched,100.0,,
0x40d240,52,opus,O74,matched,100.0,,
0x4402e0,53,opus,O74,matched,100.0,,
0x48eb40,55,opus,O74,matched,100.0,,
0x48eb80,57,opus,O74,matched,100.0,,
0x4b5940,57,opus,O74,matched,100.0,,
0x48f670,59,opus,O74,matched,100.0,,
0x44ffd0,61,opus,O74,matched,100.0,,
0x4c2470,62,opus,O74,matched,100.0,,
0x472f90,64,opus,O74,matched,100.0,,
0x4739b0,69,opus,O75,matched,100.0,,
0x4e21f0,75,opus,O75,matched,100.0,,
0x4b4850,78,opus,O75,matched,100.0,,
0x4cb5f0,84,opus,O75,matched,100.0,,
0x446020,91,opus,O75,matched,100.0,,
0x4d8b60,97,opus,O75,matched,100.0,,
0x47c330,106,opus,O75,matched,100.0,,
0x4b08c0,116,opus,O75,matched,100.0,,
0x46e450,122,opus,O75,matched,100.0,,
0x43a2d0,131,opus,O75,matched,100.0,,
0x440c10,143,opus,O75,matched,100.0,,
0x4cb4c0,156,opus,O75,matched,100.0,,
0x4a5d30,18,opus,O76,matched,100.0,,
0x4257c0,19,opus,O76,matched,100.0,,
0x4b6ca0,19,opus,O76,matched,100.0,,
0x4172e0,21,opus,O76,matched,100.0,,
0x46fad0,22,opus,O76,matched,100.0,,
0x4b7ee0,23,opus,O76,matched,100.0,,
0x44ef20,25,opus,O76,matched,100.0,,
0x490860,25,opus,O76,matched,100.0,,
0x489240,27,opus,O76,matched,100.0,,
0x437a00,28,opus,O76,matched,100.0,,
0x401cc0,30,opus,O76,matched,100.0,,
0x4a5010,31,opus,O76,matched,100.0,,
0x4bcea0,32,opus,O76,matched,100.0,,
0x490f10,33,opus,O76,matched,100.0,,
0x440be0,34,opus,O76,matched,100.0,,
0x44eec0,35,opus,O76,matched,100.0,,
0x4bb670,36,opus,O76,matched,100.0,,
0x4ae4b0,37,opus,O76,matched,100.0,,
0x4cd9d0,39,opus,O76,matched,100.0,,
0x4c51b0,40,opus,O76,matched,100.0,,
0x476c70,42,opus,O77,matched,100.0,,
0x4baad0,43,opus,O77,matched,100.0,,
0x406f50,46,opus,O77,matched,100.0,,
0x44d290,47,opus,O77,matched,100.0,,
0x4c5b70,48,opus,O77,matched,100.0,,
0x4767f0,50,opus,O77,matched,100.0,,
0x41c110,52,opus,O77,matched,100.0,,
0x474cd0,53,opus,O77,matched,100.0,,
0x49c980,55,opus,O77,matched,100.0,,
0x48ee30,57,opus,O77,matched,100.0,,
0x4ddfe0,57,opus,O77,matched,100.0,,
0x48f750,59,opus,O77,matched,100.0,,
0x461820,61,opus,O77,matched,100.0,,
0x4c2a80,62,opus,O77,matched,100.0,,
0x4730f0,64,opus,O77,matched,100.0,,
0x476ca0,42,opus,O78,matched,100.0,,
0x4bab30,43,opus,O78,matched,100.0,,
0x40d550,46,opus,O78,matched,100.0,,
0x46cbe0,47,opus,O78,matched,100.0,,
0x4d0ab0,48,opus,O78,matched,100.0,,
0x479620,50,opus,O78,matched,100.0,,
0x425430,52,opus,O78,matched,100.0,,
0x4750b0,53,opus,O78,matched,100.0,,
0x49fed0,55,opus,O78,matched,100.0,,
0x48ef00,57,opus,O78,matched,100.0,,
0x46c8e0,58,opus,O78,matched,100.0,,
0x48f880,59,opus,O78,matched,100.0,,
0x480db0,61,opus,O78,matched,100.0,,
0x4c61b0,62,opus,O78,matched,100.0,,
0x473250,64,opus,O78,matched,100.0,,
0x48bcb0,69,opus,O79,matched,100.0,,
0x4352d0,76,opus,O79,matched,100.0,,
0x4b48a0,78,opus,O79,matched,100.0,,
0x40b2c0,85,opus,O79,matched,100.0,,
0x463730,91,opus,O79,matched,100.0,,
0x419940,98,opus,O79,matched,100.0,,
0x47f290,106,opus,O79,matched,100.0,,
0x4c2b20,116,opus,O79,matched,100.0,,
0x46e4d0,122,opus,O79,matched,100.0,,
0x49f930,131,opus,O79,matched,100.0,,
0x45ca50,143,opus,O79,matched,100.0,,
0x4079f0,157,opus,O79,matched,100.0,,
0x4c2eb0,171,opus,O76,matched,100.0,,found by the 0x4c51b0 reconstruction
0x4bb2c0,18,opus,O80,matched,100.0,,
0x432be0,19,opus,O80,matched,100.0,,
0x4c22f0,19,opus,O80,matched,100.0,,
0x428fc0,21,opus,O80,matched,100.0,,
0x49fb30,22,opus,O80,matched,100.0,,
0x4bc2e0,23,opus,O80,matched,100.0,,
0x456030,25,opus,O80,matched,100.0,,
0x4dbd00,26,opus,O80,matched,100.0,,
0x421150,28,opus,O80,matched,100.0,,
0x406ee0,29,opus,O80,matched,100.0,,
0x432b60,31,opus,O80,matched,100.0,,
0x425b60,32,opus,O80,matched,100.0,,
0x438880,33,opus,O80,matched,100.0,,
0x4c6b10,33,opus,O80,matched,100.0,,
0x46e5e0,34,opus,O80,matched,100.0,,
0x4b4c50,35,opus,O80,matched,100.0,,
0x4c5d90,36,opus,O80,matched,100.0,,
0x4ae550,37,opus,O80,matched,100.0,,
0x4ce3e0,39,opus,O80,matched,100.0,,
0x4c9c20,40,opus,O80,matched,100.0,,
0x480160,42,opus,O81,matched,100.0,,
0x4256a0,44,opus,O81,matched,100.0,,
0x40d880,46,opus,O81,matched,100.0,,
0x47f060,47,opus,O81,matched,100.0,,
0x401030,49,opus,O81,matched,100.0,,
0x4ab060,50,opus,O81,matched,100.0,,
0x44f6a0,52,opus,O81,matched,100.0,,
0x485940,53,opus,O81,matched,100.0,,
0x4ab570,55,opus,O81,matched,100.0,,
0x48f070,57,opus,O81,matched,100.0,,
0x431a20,59,opus,O81,matched,100.0,,
0x48faf0,59,opus,O81,matched,100.0,,
0x4c5cd0,61,opus,O81,matched,100.0,,
0x4103a0,63,opus,O81,matched,100.0,,
0x4895c0,64,opus,O81,matched,100.0,,
0x499a30,69,opus,O82,matched,100.0,,
0x439d80,76,opus,O82,matched,100.0,,
0x4e1de0,78,opus,O82,matched,100.0,,
0x4587b0,85,opus,O82,matched,100.0,,
0x49e5b0,91,opus,O82,matched,100.0,,
0x488960,98,opus,O82,matched,100.0,,
0x47f610,106,opus,O82,matched,100.0,,
0x408920,117,opus,O82,matched,100.0,,
0x479760,122,opus,O82,matched,100.0,,
0x49f9c0,131,opus,O82,matched,100.0,,
0x464de0,143,opus,O82,matched,100.0,,
0x417150,157,opus,O82,matched,100.0,,
0x4c13d0,18,opus,O83,matched,100.0,,
0x433500,19,opus,O83,matched,100.0,,
0x4c4450,19,opus,O83,matched,100.0,,
0x428fe0,21,opus,O83,matched,100.0,,
0x4ab5b0,22,opus,O83,matched,100.0,,
0x4ce580,23,opus,O83,matched,100.0,,
0x467960,25,opus,O83,matched,100.0,,
0x4e1d40,26,opus,O83,matched,100.0,,
0x42f960,28,opus,O83,matched,100.0,,
0x432590,29,opus,O83,matched,100.0,,
0x437300,31,opus,O83,matched,100.0,,
0x4b6860,32,opus,O83,matched,100.0,,
0x47cac0,33,opus,O83,matched,100.0,,
0x4336c0,34,opus,O83,matched,100.0,,
0x415b60,35,opus,O83,matched,100.0,,
0x434440,36,opus,O83,matched,100.0,,
0x421170,37,opus,O83,matched,100.0,,
0x415e60,38,opus,O83,matched,100.0,,
0x4d1b40,39,opus,O83,matched,100.0,,
0x4cf540,40,opus,O83,matched,100.0,,
0x4814c0,42,opus,O84,matched,100.0,,
0x457b90,44,opus,O84,matched,100.0,,
0x416d80,46,opus,O84,matched,100.0,,
0x4ab4e0,47,opus,O84,matched,100.0,,
0x451770,49,opus,O84,matched,100.0,,
0x4ab400,50,opus,O84,matched,100.0,,
0x44f900,52,opus,O84,matched,100.0,,
0x489580,53,opus,O84,matched,100.0,,
0x4acda0,55,opus,O84,matched,100.0,,
0x48f2f0,57,opus,O84,matched,100.0,,
0x4504f0,59,opus,O84,matched,100.0,,
0x48fc00,59,opus,O84,matched,100.0,,
0x4e2e20,61,opus,O84,matched,100.0,,
0x428cd0,63,opus,O84,matched,100.0,,
0x49a850,64,opus,O84,matched,100.0,,
0x4b6510,69,opus,O85,matched,100.0,,
0x44d090,76,opus,O85,matched,100.0,,
0x4e38e0,78,opus,O85,matched,100.0,,
0x49a0c0,85,opus,O85,matched,100.0,,
0x4aafe0,91,opus,O85,matched,100.0,,
0x4abd20,98,opus,O85,matched,100.0,,
0x4853b0,106,opus,O85,matched,100.0,,
0x433a80,117,opus,O85,matched,100.0,,
0x48a7f0,122,opus,O85,matched,100.0,,
0x4dbd80,131,opus,O85,matched,100.0,,
0x471eb0,143,opus,O85,matched,100.0,,
0x4171f0,157,opus,O85,matched,100.0,,
0x4b6d50,69,opus,O86,matched,100.0,,
0x44f100,76,opus,O86,matched,100.0,,
0x402fc0,79,opus,O86,matched,100.0,,
0x4a8150,85,opus,O86,matched,100.0,,
0x4b6230,91,opus,O86,matched,100.0,,
0x4b4c80,98,opus,O86,matched,100.0,,
0x49f8c0,106,opus,O86,matched,100.0,,
0x46d5b0,117,opus,O86,matched,100.0,,
0x4ab440,122,opus,O86,matched,100.0,,
0x4031d0,132,opus,O86,matched,100.0,,
0x4a1ab0,143,opus,O86,matched,100.0,,
0x44d720,157,opus,O86,matched,100.0,,
0x43e470,29,opus,O87,matched,100.0,,
0x4accd0,42,opus,O87,matched,100.0,,
0x4baba0,44,opus,O87,matched,100.0,,
0x44ee90,46,opus,O87,matched,100.0,,
0x40d470,48,opus,O87,matched,100.0,,
0x4e04e0,49,opus,O87,matched,100.0,,
0x4ce880,50,opus,O87,matched,100.0,,
0x48a9b0,52,opus,O87,matched,100.0,,
0x417490,55,opus,O87,matched,100.0,,
0x432ba0,56,opus,O87,matched,100.0,,
0x48f630,57,opus,O87,matched,100.0,,
0x4795e0,59,opus,O87,matched,100.0,,
0x48fdb0,59,opus,O87,matched,100.0,,
0x4e2ea0,61,opus,O87,matched,100.0,,
0x4717e0,63,opus,O87,matched,100.0,,
0x49e640,64,opus,O87,matched,100.0,,
0x4b6da0,69,opus,O88,matched,100.0,,
0x457bc0,76,opus,O88,matched,100.0,,
0x46fe60,79,opus,O88,matched,100.0,,
0x4b8d40,85,opus,O88,matched,100.0,,
0x4b8b90,91,opus,O88,matched,100.0,,
0x4c2e30,98,opus,O88,matched,100.0,,
0x4c07b0,106,opus,O88,matched,100.0,,
0x47bd70,117,opus,O88,matched,100.0,,
0x4abb20,122,opus,O88,matched,100.0,,
0x470300,132,opus,O88,matched,100.0,,
0x406db0,144,opus,O88,matched,100.0,,
0x45c330,157,opus,O88,matched,100.0,,
0x4889d0,42,opus,O89,matched,100.0,,
0x457c80,44,opus,O89,matched,100.0,,
0x4211a0,46,opus,O89,matched,100.0,,
0x4aeda0,47,opus,O89,matched,100.0,,
0x4b64d0,49,opus,O89,matched,100.0,,
0x4b0d60,50,opus,O89,matched,100.0,,
0x453320,52,opus,O89,matched,100.0,,
0x485e50,54,opus,O89,matched,100.0,,
0x4ca450,55,opus,O89,matched,100.0,,
0x48f440,57,opus,O89,matched,100.0,,
0x462860,59,opus,O89,matched,100.0,,
0x48fd10,59,opus,O89,matched,100.0,,
0x4e2e60,61,opus,O89,matched,100.0,,
0x4716a0,63,opus,O89,matched,100.0,,
0x49b6e0,64,opus,O89,matched,100.0,,
0x4b8ae0,69,opus,O90,matched,100.0,,
0x48ed00,76,opus,O90,matched,100.0,,
0x4e2f30,81,opus,O90,matched,100.0,,
0x4c2380,85,opus,O90,matched,100.0,,
0x4d85b0,91,opus,O90,matched,100.0,,
0x4caec0,98,opus,O90,matched,100.0,,
0x4da040,106,opus,O90,matched,100.0,,
0x484ce0,117,opus,O90,matched,100.0,,
0x48ffd0,126,opus,O90,matched,100.0,,
0x471050,132,opus,O90,matched,100.0,,
0x409e90,144,opus,O90,matched,100.0,,
0x467b60,157,opus,O90,matched,100.0,,
0x490050,42,opus,O91,matched,100.0,,
0x4897b0,44,opus,O91,matched,100.0,,
0x42bd10,46,opus,O91,matched,100.0,,
0x4b04b0,47,opus,O91,matched,100.0,,
0x4b6e40,49,opus,O91,matched,100.0,,
0x4c9f90,50,opus,O91,matched,100.0,,
0x45f190,52,opus,O91,matched,100.0,,
0x416510,55,opus,O91,matched,100.0,,
0x4ca780,55,opus,O91,matched,100.0,,
0x48f590,57,opus,O91,matched,100.0,,
0x488920,59,opus,O91,matched,100.0,,
0x4a3eb0,59,opus,O91,matched,100.0,,
0x42f8c0,62,opus,O91,matched,100.0,,
0x483370,63,opus,O91,matched,100.0,,
0x4a0300,64,opus,O91,matched,100.0,,
0x4ba1b0,69,opus,O93,matched,100.0,,
0x48f1b0,76,opus,O93,matched,100.0,,
0x44e740,82,opus,O93,matched,100.0,,
0x4d06c0,85,opus,O93,matched,100.0,,
0x408670,92,opus,O93,matched,100.0,,
0x401110,99,opus,O93,matched,100.0,,
0x4e2d00,106,opus,O93,matched,100.0,,
0x485140,117,opus,O93,partial,70.5,,
0x4c1320,126,opus,O93,matched,100.0,,
0x4b3590,132,opus,O93,matched,100.0,,
0x42a320,144,opus,O93,matched,100.0,,
0x46c810,157,opus,O93,matched,100.0,,
0x4c9840,69,opus,O94,matched,100.0,,
0x48f200,76,opus,O94,matched,100.0,,
0x452b70,82,opus,O94,matched,100.0,,
0x415f40,86,opus,O94,matched,100.0,,
0x415bb0,92,opus,O94,matched,100.0,,
0x4170c0,99,opus,O94,matched,100.0,,
0x4a1450,107,opus,O94,matched,100.0,,
0x485330,117,opus,O94,matched,100.0,,
0x4ddd70,126,opus,O94,matched,100.0,,
0x4dd340,132,opus,O94,matched,100.0,,
0x42e140,144,opus,O94,matched,100.0,,
0x4cb940,157,opus,O94,matched,100.0,,
0x4cb650,69,opus,O95,matched,100.0,,
0x48f950,76,opus,O95,matched,100.0,,
0x463be0,82,opus,O95,matched,100.0,,
0x416a30,86,opus,O95,matched,100.0,,
0x4169d0,92,opus,O95,matched,100.0,,
0x41f5c0,99,opus,O95,matched,100.0,,
0x4a14c0,107,opus,O95,matched,100.0,,
0x4b4f50,117,opus,O95,matched,100.0,,
0x4dddf0,126,opus,O95,matched,100.0,,
0x4dde70,132,opus,O95,matched,100.0,,
0x42e1d0,144,opus,O95,matched,100.0,,
0x40f200,158,opus,O95,matched,100.0,,
0x490200,42,opus,O96,matched,100.0,,
0x498cd0,44,opus,O96,matched,100.0,,
0x432c80,46,opus,O96,matched,100.0,,
0x4b04e0,47,opus,O96,matched,100.0,,
0x4be070,49,opus,O96,matched,100.0,,
0x4ce410,50,opus,O96,matched,100.0,,
0x46eb60,52,opus,O96,matched,100.0,,
0x416550,55,opus,O96,matched,100.0,,
0x43ad10,56,opus,O96,matched,100.0,,
0x48f710,57,opus,O96,matched,100.0,,
0x489650,59,opus,O96,matched,100.0,,
0x4bb150,59,opus,O96,matched,100.0,,
0x43e3c0,62,opus,O96,matched,100.0,,
0x4c5c20,63,opus,O96,matched,100.0,,
0x4c9750,64,opus,O96,matched,100.0,,
0x495200,42,opus,O97,matched,100.0,,
0x4abba0,44,opus,O97,matched,100.0,,
0x4349c0,46,opus,O97,matched,100.0,,
0x4e1650,47,opus,O97,matched,100.0,,
0x4d8460,49,opus,O97,matched,100.0,,
0x4da780,50,opus,O97,matched,100.0,,
0x49f540,52,opus,O97,matched,100.0,,
0x432c40,55,opus,O97,matched,100.0,,
0x461860,56,opus,O97,matched,100.0,,
0x48f8c0,57,opus,O97,matched,100.0,,
0x48eb00,59,opus,O97,matched,100.0,,
0x4ca7c0,59,opus,O97,matched,100.0,,
0x44d800,62,opus,O97,matched,100.0,,
0x4c9800,63,opus,O97,matched,100.0,,
0x4ca840,64,opus,O97,matched,100.0,,
0x4d8260,69,opus,O98,matched,100.0,,
0x4d8610,76,opus,O98,matched,100.0,,
0x490940,82,opus,O98,matched,100.0,,
0x490580,84,opus,O98,matched,100.0,,
0x434b90,92,opus,O98,matched,100.0,,
0x420cb0,99,opus,O98,matched,100.0,,
0x4de110,105,opus,O98,matched,100.0,,
0x4bb6a0,109,opus,O98,matched,100.0,,
0x4223e0,127,opus,O98,partial,48.3,,
0x4e0450,132,opus,O98,matched,100.0,,
0x42e260,144,opus,O98,matched,100.0,,
0x437be0,158,opus,O98,matched,100.0,,
0x40d8b0,70,opus,O99,matched,100.0,,
0x4df330,76,opus,O99,matched,100.0,,
0x4ab6c0,82,opus,O99,matched,100.0,,
0x428f60,86,opus,O99,matched,100.0,,
0x440230,92,opus,O99,matched,100.0,,
0x44fe40,99,opus,O99,matched,100.0,,
0x4bb190,107,opus,O99,matched,100.0,,
0x4c91b0,117,opus,O99,matched,100.0,,
0x437280,127,opus,O99,matched,100.0,,
0x4e1730,132,opus,O99,matched,100.0,,
0x459170,144,opus,O99,matched,100.0,,
0x47ddc0,158,opus,O99,matched,100.0,,
0x4b69d0,42,opus,O100,matched,100.0,,
0x4bb0f0,44,opus,O100,matched,100.0,,
0x481500,46,opus,O100,matched,100.0,,
0x4163a0,48,opus,O100,matched,100.0,,
0x403190,50,opus,O100,matched,100.0,,
0x4e06f0,50,opus,O100,matched,100.0,,
0x4b4c10,52,opus,O100,matched,100.0,,
0x4340b0,55,opus,O100,matched,100.0,,
0x491c80,56,opus,O100,matched,100.0,,
0x48fab0,57,opus,O100,matched,100.0,,
0x48ebc0,59,opus,O100,matched,100.0,,
0x4ca800,59,opus,O100,matched,100.0,,
0x461f90,62,opus,O100,matched,100.0,,
0x4ca900,63,opus,O100,matched,100.0,,
0x4ca880,64,opus,O100,matched,100.0,,
0x4b6a50,42,opus,O101,matched,100.0,,
0x4e1a90,44,opus,O101,matched,100.0,,
0x4b6290,46,opus,O101,matched,100.0,,
0x418c70,48,opus,O101,matched,100.0,,
0x417760,50,opus,O101,matched,100.0,,
0x4e1ac0,50,opus,O101,matched,100.0,,
0x4bc320,52,opus,O101,matched,100.0,,
0x4349f0,55,opus,O101,matched,100.0,,
0x458180,57,opus,O101,matched,100.0,,
0x48fbc0,57,opus,O101,matched,100.0,,
0x48ee70,59,opus,O101,matched,100.0,,
0x4cb2f0,59,opus,O101,matched,100.0,,
0x471d10,62,opus,O101,matched,100.0,,
0x4d86b0,63,opus,O101,matched,100.0,,
0x4ca8c0,64,opus,O101,matched,100.0,,
0x41d360,70,opus,O102,matched,100.0,,
0x4e06a0,76,opus,O102,matched,100.0,,
0x4cfb40,82,opus,O102,matched,100.0,,
0x43e1e0,86,opus,O102,matched,100.0,,
0x46ff10,92,opus,O102,matched,100.0,,
0x45fac0,99,opus,O102,matched,100.0,,
0x4c69f0,107,opus,O102,matched,100.0,,
0x4c9dd0,117,opus,O102,matched,100.0,,
0x43d210,127,opus,O102,matched,100.0,,
0x437b50,133,opus,O102,matched,100.0,,
0x461900,144,opus,O102,matched,100.0,,
0x4a4890,158,opus,O102,matched,100.0,,
0x4710e0,55,opus,O102,matched,100.0,,
0x4da0e0,64,opus,O102,matched,100.0,,
0x439e30,70,opus,O103,matched,100.0,,
0x415ef0,77,opus,O103,matched,100.0,,
0x4d8720,82,opus,O103,matched,100.0,,
0x480190,86,opus,O103,matched,100.0,,
0x479bf0,92,opus,O103,matched,100.0,,
0x48a0f0,99,opus,O103,matched,100.0,,
0x40d740,108,opus,O103,matched,100.0,,
0x4ce800,117,opus,O103,matched,100.0,,
0x446450,127,opus,O103,matched,100.0,,
0x49fd60,138,opus,O103,matched,100.0,,
0x4629b0,144,opus,O103,matched,100.0,,
0x4dba40,158,opus,O103,matched,100.0,,
0x440420,70,opus,O104,matched,100.0,,
0x4173e0,77,opus,O104,matched,100.0,,
0x4073b0,83,opus,O104,matched,100.0,,
0x42a0e0,89,opus,O104,matched,100.0,,
0x48f3e0,92,opus,O104,matched,100.0,,
0x48f0f0,99,opus,O104,matched,100.0,,
0x416780,108,opus,O104,matched,100.0,,
0x41c310,118,opus,O104,matched,100.0,,
0x474b00,127,opus,O104,matched,100.0,,
0x4ac0a0,138,opus,O104,matched,100.0,,
0x48ec20,144,opus,O104,matched,100.0,,
0x4ddf00,158,opus,O104,partial,85.4,,
0x461a70,70,opus,O105,matched,100.0,,
0x42bcc0,77,opus,O105,matched,100.0,,
0x409f20,83,opus,O105,matched,100.0,,
0x4388d0,89,opus,O105,matched,100.0,,
0x48f530,92,opus,O105,matched,100.0,,
0x49fdf0,99,opus,O105,matched,100.0,,
0x421eb0,108,opus,O105,matched,100.0,,
0x434f70,118,opus,O105,matched,100.0,,
0x474fc0,127,opus,O105,matched,100.0,,
0x4b4630,138,opus,O105,matched,100.0,,
0x4a0f60,144,opus,O105,matched,100.0,,
0x4e1990,158,opus,O105,matched,100.0,,
0x461ac0,70,opus,O106,matched,100.0,,
0x4379b0,77,opus,O106,matched,100.0,,
0x44d8a0,83,opus,O106,matched,100.0,,
0x46ba80,89,opus,O106,matched,100.0,,
0x48f7e0,92,opus,O106,matched,100.0,,
0x416860,100,opus,O106,matched,100.0,,
0x468310,108,opus,O106,matched,100.0,,
0x4353b0,118,opus,O106,matched,100.0,,
0x4827b0,127,opus,O106,matched,100.0,,
0x4b46c0,138,opus,O106,matched,100.0,,
0x4ae380,144,opus,O106,matched,100.0,,
0x42a570,159,opus,O106,matched,100.0,,
0x470a40,70,opus,O107,matched,100.0,,
0x4815a0,77,opus,O107,matched,100.0,,
0x44d9a0,83,opus,O107,matched,100.0,,
0x47a700,89,opus,O107,matched,100.0,,
0x48fb60,92,opus,O107,matched,100.0,,
0x426190,100,opus,O107,matched,100.0,,
0x46bc70,108,opus,O107,matched,100.0,,
0x48ea40,118,opus,O107,matched,100.0,,
0x4b4ff0,127,opus,O107,matched,100.0,,
0x4cf180,138,opus,O107,matched,100.0,,
0x416150,145,opus,O107,matched,100.0,,
0x44eb60,159,opus,O107,matched,100.0,,
0x470a90,70,opus,O108,matched,100.0,,
0x489600,77,opus,O108,matched,100.0,,
0x47cbd0,83,opus,O108,matched,100.0,,
0x4b8a80,89,opus,O108,matched,100.0,,
0x48fc70,92,opus,O108,matched,100.0,,
0x435d30,100,opus,O108,matched,100.0,,
0x475700,108,opus,O108,matched,100.0,,
0x4c0a90,118,opus,O108,partial,85.7,,
0x425930,128,opus,O108,matched,100.0,,
0x456200,139,opus,O108,matched,100.0,,
0x43e240,145,opus,O108,matched,100.0,,
0x458430,159,opus,O108,matched,100.0,,
0x47aaa0,70,opus,O109,matched,100.0,,
0x48a190,77,opus,O109,matched,100.0,,
0x4801f0,83,opus,O109,matched,100.0,,
0x4c9230,89,opus,O109,matched,100.0,,
0x4b33b0,92,opus,O109,matched,100.0,,
0x43ad50,100,opus,O109,matched,100.0,,
0x48fed0,108,opus,O109,matched,100.0,,
0x4d9f60,118,opus,O109,matched,100.0,,
0x496e10,128,opus,O109,matched,100.0,,
0x4a0c70,139,opus,O109,matched,100.0,,
0x498d00,145,opus,O109,matched,100.0,,
0x46ff90,159,opus,O109,matched,100.0,,
0x481550,70,opus,O110,matched,100.0,,
0x48f790,77,opus,O110,matched,100.0,,
0x480510,83,opus,O110,matched,100.0,,
0x4d9fe0,89,opus,O110,matched,100.0,,
0x416310,96,opus,O110,matched,100.0,,
0x43c6b0,100,opus,O110,matched,100.0,,
0x4a7560,108,opus,O110,matched,100.0,,
0x4330b0,119,opus,O110,matched,100.0,,
0x4aa850,128,opus,O110,matched,100.0,,
0x4c9890,139,opus,O110,matched,100.0,,
0x4c93f0,145,opus,O110,matched,100.0,,
0x4acd00,159,opus,O110,matched,100.0,,
0x494840,70,opus,O111,matched,100.0,,
0x4b7540,77,opus,O111,matched,100.0,,
0x4325b0,84,opus,O111,matched,100.0,,
0x474580,90,opus,O111,matched,100.0,,
0x480ce0,96,opus,O111,matched,100.0,,
0x4a9660,108,opus,O111,matched,100.0,,
0x462a60,120,opus,O111,matched,100.0,,
0x49b000,129,opus,O111,matched,100.0,,
0x44d3b0,141,opus,O111,matched,100.0,,
0x4cf8a0,153,opus,O111,matched,100.0,,
0x4d8140,70,opus,O112,matched,100.0,,
0x4c5fa0,77,opus,O112,matched,100.0,,
0x44d350,84,opus,O112,matched,100.0,,
0x488bf0,90,opus,O112,matched,100.0,,
0x489690,96,opus,O112,matched,100.0,,
0x4acde0,108,opus,O112,matched,100.0,,
0x480460,120,opus,O112,matched,100.0,,
0x49d1e0,129,opus,O112,matched,100.0,,
0x450980,141,opus,O112,matched,100.0,,
0x4b34f0,159,opus,O112,matched,100.0,,
0x402160,141,deepseek-v4.1-flash,#1,matched,100.0,,issue #1
0x408620,71,deepseek-v4.1-flash,#1,matched,100.0,,issue #1
0x40bab0,78,deepseek-v4.1-flash,#1,matched,100.0,,issue #1
0x4164b0,71,deepseek-v4.1-flash,#1,matched,100.0,,issue #1
0x417b50,90,deepseek-v4.1-flash,#1,matched,100.0,,issue #1
0x4194d0,109,deepseek-v4.1-flash,#1,matched,100.0,,issue #1
0x41b230,109,deepseek-v4.1-flash,#1,matched,100.0,,issue #1
0x41c5e0,96,deepseek-v4.1-flash,#1,matched,100.0,,issue #1
0x41f040,96,deepseek-v4.1-flash,#1,matched,100.0,,issue #1
0x4256d0,90,deepseek-v4.1-flash,#1,matched,100.0,,issue #1
0x4257e0,121,deepseek-v4.1-flash,#1,matched,100.0,,issue #1
0x432a80,120,deepseek-v4.1-flash,#1,matched,100.0,,issue #1
0x433540,119,deepseek-v4.1-flash,#2,matched,100.0,,issue #2
0x435320,121,deepseek-v4.1-flash,#2,matched,100.0,,issue #2
0x43ac60,78,deepseek-v4.1-flash,#2,matched,100.0,,issue #2
0x43e180,96,deepseek-v4.1-flash,#2,matched,100.0,,issue #2
0x445300,152,deepseek-v4.1-flash,#2,matched,100.0,,issue #2
0x44d500,90,deepseek-v4.1-flash,#2,matched,100.0,,issue #2
0x44d840,96,deepseek-v4.1-flash,#2,matched,100.0,,issue #2
0x44e6c0,90,deepseek-v4.1-flash,#2,matched,100.0,,issue #2
0x44e930,129,deepseek-v4.1-flash,#2,matched,100.0,,issue #2
0x44e9c0,140,deepseek-v4.1-flash,#2,matched,100.0,,issue #2
0x450030,96,deepseek-v4.1-flash,#2,matched,100.0,,issue #2
0x451b60,84,deepseek-v4.1-flash,#2,matched,100.0,,issue #2
0x45aaa0,100,,#3,assigned,,,issue #3
0x45af90,152,,#3,assigned,,,issue #3
0x45b880,153,,#3,assigned,,,issue #3
0x45c010,90,,#3,assigned,,,issue #3
0x45cde0,160,,#3,assigned,,,issue #3
0x4618a0,84,,#3,assigned,,,issue #3
0x463f60,160,,#3,assigned,,,issue #3
0x46e3c0,129,,#3,assigned,,,issue #3
0x477940,153,,#3,assigned,,,issue #3
0x47f1a0,101,,#3,assigned,,,issue #3
0x480020,160,,#3,assigned,,,issue #3
0x489740,101,,#3,assigned,,,issue #3
0x48d920,120,,#4,assigned,,,issue #4
0x491e50,101,,#4,assigned,,,issue #4
0x49d880,140,,#4,assigned,,,issue #4
0x4a1630,77,,#4,assigned,,,issue #4
0x4a7ee0,129,,#4,assigned,,,issue #4
0x4ab310,129,,#4,assigned,,,issue #4
0x4ae440,108,,#4,assigned,,,issue #4
0x4ae4e0,108,,#4,assigned,,,issue #4
0x4ae580,141,,#4,assigned,,,issue #4
0x4b0720,120,,#4,assigned,,,issue #4
0x4b6c30,101,,#4,assigned,,,issue #4
0x4be010,90,,#4,assigned,,,issue #4
0x4c42a0,159,,#5,assigned,,,issue #5
0x4c5c60,108,,#5,assigned,,,issue #5
0x4c6f10,100,,#5,assigned,,,issue #5
0x4c9490,152,,#5,assigned,,,issue #5
0x4c97b0,77,,#5,assigned,,,issue #5
0x4ce530,77,,#5,assigned,,,issue #5
0x4cf800,153,,#5,assigned,,,issue #5
0x4d83c0,139,,#5,assigned,,,issue #5
0x4d8ae0,70,,#5,assigned,,,issue #5
0x4da3f0,130,,#5,assigned,,,issue #5
0x4da480,100,,#5,assigned,,,issue #5
0x4dab10,160,,#5,assigned,,,issue #5
0x4db760,70,,#6,assigned,,,issue #6
0x4dbd20,83,,#6,assigned,,,issue #6
0x4dc620,83,,#6,assigned,,,issue #6
0x4dd2a0,159,,#6,assigned,,,issue #6
0x4dd3d0,83,,#6,assigned,,,issue #6
0x4dd820,159,,#6,assigned,,,issue #6
0x4de0a0,70,,#6,assigned,,,issue #6
0x401ce0,275,,#7,assigned,,,issue #7
0x402010,330,,#7,assigned,,,issue #7
0x403260,317,,#7,assigned,,,issue #7
0x4033a0,242,,#7,assigned,,,issue #7
0x4038a0,380,,#7,assigned,,,issue #7
0x405fe0,162,,#7,assigned,,,issue #7
0x406090,257,gpt-6,#8,matched,100.0,,issue #8
0x4061a0,346,gpt-6,#8,matched,100.0,,issue #8
0x406780,384,gpt-6,#8,matched,100.0,,issue #8
0x406aa0,331,gpt-6,#8,matched,100.0,,issue #8
0x406c90,257,gpt-6,#8,matched,100.0,,issue #8
0x4071f0,340,gpt-6,#8,matched,100.0,,issue #8
0x4074a0,189,gpt-6,#9,matched,100.0,,issue #9
0x4077e0,329,gpt-6,#9,matched,100.0,,issue #9
0x407d40,296,gpt-6,#9,partial,77.5,,issue #9
0x4086d0,268,gpt-6,#9,matched,100.0,,issue #9
0x408830,229,gpt-6,#9,matched,100.0,,issue #9
0x409470,176,gpt-6,#9,matched,100.0,,issue #9
0x409520,166,,#10,assigned,,,issue #10
0x4095d0,346,,#10,assigned,,,issue #10
0x409dc0,208,,#10,assigned,,,issue #10
0x409f80,185,,#10,assigned,,,issue #10
0x40a040,185,,#10,assigned,,,issue #10
0x40a150,265,,#10,assigned,,,issue #10
0x40b0d0,229,,#11,assigned,,,issue #11
0x40b1c0,244,,#11,assigned,,,issue #11
0x40bdb0,244,,#11,assigned,,,issue #11
0x40beb0,302,,#11,assigned,,,issue #11
0x40d7b0,195,,#11,assigned,,,issue #11
0x40d900,191,,#11,assigned,,,issue #11
0x40df00,330,,#12,assigned,,,issue #12
0x40e050,270,,#12,assigned,,,issue #12
0x40e9e0,326,,#12,assigned,,,issue #12
0x40ef20,223,,#12,assigned,,,issue #12
0x40f060,172,,#12,assigned,,,issue #12
0x40f110,204,,#12,assigned,,,issue #12
0x419400,192,,#13,assigned,,,"issue #13, escalated"
0x4223e0,127,,#13,assigned,,,"issue #13, escalated"
0x438650,161,,#13,assigned,,,"issue #13, escalated"
0x485140,117,,#13,assigned,,,"issue #13, escalated"
0x49c880,147,,#13,assigned,,,"issue #13, escalated"
0x4ac970,161,,#13,assigned,,,"issue #13, escalated"
0x4c0a90,118,,#13,assigned,,,"issue #13, escalated"
0x4c1ab0,66,,#13,assigned,,,"issue #13, escalated"
0x4d1820,333,,#13,assigned,,,"issue #13, escalated"
0x4ddf00,158,,#13,assigned,,,"issue #13, escalated"
0x415c10,395,,#15,assigned,,,issue #15
0x4168d0,253,,#15,assigned,,,issue #15
0x416bd0,284,,#15,assigned,,,issue #15
0x417330,175,,#15,assigned,,,issue #15
0x417600,347,,#15,assigned,,,issue #15
0x4177e0,171,,#15,assigned,,,issue #15
0x417c70,178,,#16,assigned,,,issue #16
0x417d30,199,,#16,assigned,,,issue #16
0x417e00,296,,#16,assigned,,,issue #16
0x4181d0,315,,#16,assigned,,,issue #16
0x418bb0,177,,#16,assigned,,,issue #16
0x418cd0,178,,#16,assigned,,,issue #16
0x418d90,178,,#17,assigned,,,issue #17
0x418e50,178,,#17,assigned,,,issue #17
0x418f10,178,,#17,assigned,,,issue #17
0x418fd0,178,,#17,assigned,,,issue #17
0x419340,192,,#17,assigned,,,issue #17
0x419670,341,,#17,assigned,,,issue #17
0x4197d0,368,,#18,assigned,,,issue #18
0x4199b0,260,,#18,assigned,,,issue #18
0x419b00,179,,#18,assigned,,,issue #18
0x41a920,213,,#18,assigned,,,issue #18
0x41b0f0,260,,#18,assigned,,,issue #18
0x41b8d0,388,,#18,assigned,,,issue #18
0x41bde0,299,,#19,assigned,,,issue #19
0x41bf10,325,,#19,assigned,,,issue #19
0x41c060,173,,#19,assigned,,,issue #19
0x41c180,300,,#19,assigned,,,issue #19
0x41c4c0,280,,#19,assigned,,,issue #19
0x41c6f0,200,,#19,assigned,,,issue #19
0x41c7c0,273,,#20,assigned,,,issue #20
0x41c8e0,294,,#20,assigned,,,issue #20
0x41cc60,177,,#20,assigned,,,issue #20
0x41cd50,315,,#20,assigned,,,issue #20
0x41d0f0,247,,#20,assigned,,,issue #20
0x41d1f0,179,,#20,assigned,,,issue #20
0x41d2b0,163,,#21,assigned,,,issue #21
0x41d6a0,271,,#21,assigned,,,issue #21
0x41d7b0,229,,#21,assigned,,,issue #21
0x41eb60,238,,#21,assigned,,,issue #21
0x420960,193,,#21,assigned,,,issue #21
0x420a30,194,,#21,assigned,,,issue #21
0x420e50,224,,#22,assigned,,,issue #22
0x421550,196,,#22,assigned,,,issue #22
0x421620,210,,#22,assigned,,,issue #22
0x421da0,178,,#22,assigned,,,issue #22
0x421f20,288,,#22,assigned,,,issue #22
0x422040,298,,#22,assigned,,,issue #22
0x422170,306,,#23,assigned,,,issue #23
0x4222e0,254,,#23,assigned,,,issue #23
0x423160,305,,#23,assigned,,,issue #23
0x4232f0,175,,#23,assigned,,,issue #23
0x423710,185,,#23,assigned,,,issue #23
0x4246b0,387,,#23,assigned,,,issue #23
0x425860,201,,#24,assigned,,,issue #24
0x4259b0,219,,#24,assigned,,,issue #24
0x425a90,196,,#24,assigned,,,issue #24
0x426780,289,,#24,assigned,,,issue #24
0x4268b0,275,,#24,assigned,,,issue #24
0x426d20,339,,#24,assigned,,,issue #24
0x428d10,378,,#25,assigned,,,issue #25
0x428e90,164,,#25,assigned,,,issue #25
0x429000,235,,#25,assigned,,,issue #25
0x429330,310,,#25,assigned,,,issue #25
0x429470,317,,#25,assigned,,,issue #25
0x4295b0,168,,#25,assigned,,,issue #25
0x429700,334,,#26,assigned,,,issue #26
0x42a010,204,,#26,assigned,,,issue #26
0x42a140,378,,#26,assigned,,,issue #26
0x42a440,295,,#26,assigned,,,issue #26
0x42bd40,225,,#26,assigned,,,issue #26
0x42be30,262,,#26,assigned,,,issue #26
0x42d1f0,239,,#27,assigned,,,issue #27
0x42db90,351,,#27,assigned,,,issue #27
0x42e310,289,,#27,assigned,,,issue #27
0x42f3a0,167,,#27,assigned,,,issue #27
0x42f450,297,,#27,assigned,,,issue #27
0x42f7e0,215,,#27,assigned,,,issue #27
0x431740,382,,#28,assigned,,,issue #28
0x431950,199,,#28,assigned,,,issue #28
0x432fb0,244,,#28,assigned,,,issue #28
0x433130,312,,#28,assigned,,,issue #28
0x433270,270,,#28,assigned,,,issue #28
0x433380,377,,#28,assigned,,,issue #28
0x4335f0,194,,#29,assigned,,,issue #29
0x4344e0,220,,#29,assigned,,,issue #29
0x4345e0,386,,#29,assigned,,,issue #29
0x434ab0,212,,#29,assigned,,,issue #29
0x434ff0,259,,#29,assigned,,,issue #29
0x435760,394,,#29,assigned,,,issue #29
0x435c60,196,,#30,assigned,,,issue #30
0x437840,207,,#30,assigned,,,issue #30
0x437a30,247,,#30,assigned,,,issue #30
0x438180,194,,#30,assigned,,,issue #30
0x438250,196,,#30,assigned,,,issue #30
0x438320,290,,#30,assigned,,,issue #30
0x4384a0,230,,#31,assigned,,,issue #31
0x438760,198,,#31,assigned,,,issue #31
0x438930,196,,#31,assigned,,,issue #31
0x438a00,205,,#31,assigned,,,issue #31
0x438ad0,191,,#31,assigned,,,issue #31
0x4399f0,312,,#31,assigned,,,issue #31
0x43a0c0,274,,#32,assigned,,,issue #32
0x43a360,186,,#32,assigned,,,issue #32
0x43b0b0,310,,#32,assigned,,,issue #32
0x43c990,209,,#32,assigned,,,issue #32
0x43ca70,163,,#32,assigned,,,issue #32
0x43cc20,254,,#32,assigned,,,issue #32
0x43d0d0,306,,#33,assigned,,,issue #33
0x43da70,216,,#33,assigned,,,issue #33
0x43db50,170,,#33,assigned,,,issue #33
0x43dc00,267,,#33,assigned,,,issue #33
0x43dd70,180,,#33,assigned,,,issue #33
0x43de30,180,,#33,assigned,,,issue #33
0x43def0,359,,#34,assigned,,,issue #34
0x43e0b0,202,,#34,assigned,,,issue #34
0x43e2e0,217,,#34,assigned,,,issue #34
0x440340,222,,#34,assigned,,,issue #34
0x440830,242,,#34,assigned,,,issue #34
0x440940,189,,#34,assigned,,,issue #34
0x401360,2239,opus,#35,partial,50.7,,issue #35
0x401e00,463,opus,#35,matched,100.0,,issue #35
0x4021f0,564,opus,#35,matched,100.0,,issue #35
0x402430,522,,#36,assigned,,,issue #36
0x402640,1328,,#36,assigned,,,issue #36
0x402b70,401,,#36,assigned,,,issue #36
0x402da0,537,,#37,assigned,,,issue #37
0x4034a0,1016,,#37,assigned,,,issue #37
0x403a20,1360,,#37,assigned,,,issue #37
0x403f70,768,,#38,assigned,,,issue #38
0x404270,1212,,#38,assigned,,,issue #38
0x404730,920,,#38,assigned,,,issue #38
0x404ad0,724,,#39,assigned,,,issue #39
0x404db0,1348,,#39,assigned,,,issue #39
0x405300,1080,,#39,assigned,,,issue #39
0x405740,574,,#40,assigned,,,issue #40
0x405980,1040,,#40,assigned,,,issue #40
0x405d90,578,,#40,assigned,,,issue #40
0x407d40,296,opus,#43,partial,77.5,,"issue #43, escalated"
