address,name
0x2c,_tls_array
0x401000,FUN_00401000
0x401030,FUN_00401030
0x401070,PlayerRef::Reset
0x4010b0,Class_004010b0::FUN_004010b0
0x401110,Class_00401110::FUN_00401110
0x401180,Class_00401180::FUN_00401180
0x4011c0,Class_004011c0::FUN_004011c0
0x401220,Class_00401220::FUN_00401220
0x401260,Class_00401260::FUN_00401260
0x4012a0,Class_004012a0::FUN_004012a0
0x401320,FUN_00401320
0x401c20,FUN_00401c20
0x401cc0,FUN_00401cc0
0x401e00,FUN_00401e00
0x401fd0,FUN_00401fd0
0x402160,FUN_00402160
0x4021f0,FUN_004021f0
0x402d10,FUN_00402d10
0x402fc0,FUN_00402fc0
0x403010,FUN_00403010
0x403040,FUN_00403040
0x403070,FUN_00403070
0x4030a0,FUN_004030a0
0x4030d0,FUN_004030d0
0x403100,FUN_00403100
0x403160,FUN_00403160
0x403180,FUN_00403180
0x403190,FUN_00403190
0x4031d0,FUN_004031d0
0x406090,FUN_00406090
0x4061a0,FUN_004061a0
0x406780,FUN_00406780
0x406aa0,FUN_00406aa0
0x406bf0,FUN_00406bf0
0x406c00,UElem_00406c10::?$vector::_Destroy
0x406c10,UElem_00406c10::?$vector::_Ucopy
0x406c40,UElem_00406c10::?$vector::_Ufill
0x406c70,FUN_00406c70
0x406c90,FUN_00406c90
0x406da0,FUN_00406da0
0x406db0,FUN_00406db0
0x406e40,FUN_00406e40
0x406ee0,FUN_00406ee0
0x406f00,FUN_00406f00
0x406f40,FUN_00406f40
0x406f50,Class_00406f50::FUN_00406f50
0x4071f0,Class_004071f0::FUN_004071f0
0x407350,Class_00407350::Class_00407350
0x407380,Class_00407350::FUN_00407380
0x407390,??_GClass_00407350@@UAEPAXI@Z
0x4073b0,Class_00407350::FUN_004073b0
0x407410,Class_00407350::FUN_00407410
0x4074a0,Class_00407350::FUN_004074a0
0x407560,Class_00407560::FUN_00407560
0x4077e0,Class_00407930::FUN_00407380
0x407930,Class_00407930::Class_00407930
0x407980,??_GClass_00407930@@UAEPAXI@Z
0x4079a0,Class_004079d0::Class_004079d0
0x4079d0,??_GClass_004079d0@@UAEPAXI@Z
0x4079f0,Class_004079d0::FUN_00407380
0x407a90,Class_00407a90::Class_00407a90
0x407ac0,??_GClass_00407a90@@UAEPAXI@Z
0x407e70,??_GClass_00407d40@@UAEPAXI@Z
0x408090,FUN_00408090
0x4085d0,Class_004085d0::Class_004085d0
0x408600,??_GClass_004085d0@@UAEPAXI@Z
0x408620,Class_00408620::FUN_00408620
0x408670,FUN_00408670
0x4086d0,Class_00408810::FUN_00407380
0x4087e0,Class_00408810::Class_00408810
0x408810,??_GClass_00408810@@UAEPAXI@Z
0x408830,Class_00408830::FUN_00408830
0x408920,FUN_00408920
0x4089a0,Class_004089a0::FUN_004089a0
0x408bf0,Class_00408bf0::FUN_00408bf0
0x408c40,Class_00408c40::FUN_00408c40
0x408f10,Class_00408f10::FUN_00408f10
0x409160,Class_00409160::Class_00409160
0x409470,Class_00409470::FUN_00409470
0x409730,Class_00409730::FUN_00409730
0x409dc0,FUN_00409dc0
0x409e90,FUN_00409e90
0x409f20,FUN_00409f20
0x40a100,FUN_0040a100
0x40a5b0,Class_0040a5b0::FUN_0040a5b0
0x40a7b0,Class_0040a7b0::FUN_0040a7b0
0x40aa40,Class_0040aa40::FUN_0040aa40
0x40ad20,Class_0040ad20::FUN_0040ad20
0x40ad70,FUN_0040ad70
0x40ad80,FUN_0040ad80
0x40b2c0,FUN_0040b2c0
0x40b320,FUN_0040b320
0x40b370,FUN_0040b370
0x40b7b0,FUN_0040b7b0
0x40ba80,FUN_0040ba80
0x40bab0,FUN_0040bab0
0x40bdb0,FUN_0040bdb0
0x40c200,FUN_0040c200
0x40c230,FUN_0040c230
0x40c4f0,FUN_0040c4f0
0x40c510,Class_0040c510::Class_0040c510
0x40c530,Class_0040c530::~Class_0040c530
0x40c560,Class_0040c560::FUN_0040c560
0x40c580,Class_0040c580::~Class_0040c580
0x40c5b0,Class_0040c5b0::FUN_0040c5b0
0x40c5d0,Class_0040c5d0::~Class_0040c5d0
0x40c9f0,PAUElem_0040c9f0::?$vector::erase
0x40ca30,Class_0040ca30::FUN_0040ca30
0x40cc30,UElem_0040cc40::?$vector::_Destroy
0x40cc40,UElem_0040cc40::?$vector::_Ucopy
0x40cc80,Class_0040cc80::FUN_0040cc80
0x40cfb0,UElem_0040cfb0::?$vector::erase
0x40d000,Class_0040d000::FUN_0040d000
0x40d240,std::G::GV?$allocator::?$vector::erase
0x40d280,std::G::GV?$allocator::?$vector::_Destroy
0x40d470,std::E::EV?$allocator::?$vector::erase
0x40d4a0,std::E::EV?$allocator::?$vector::_Destroy
0x40d4b0,UElem_0040d4f0::?$vector::_Destroy
0x40d4c0,Class_0040d4c0::FUN_0040d4c0
0x40d4e0,UElem_0040d550::?$vector::_Destroy
0x40d4f0,UElem_0040d4f0::?$vector::_Ucopy
0x40d520,UElem_0040d4f0::?$vector::_Ufill
0x40d550,UElem_0040d550::?$vector::_Ucopy
0x40d580,UElem_0040d550::?$vector::_Ufill
0x40d5b0,UElem_0040cc40::?$vector::_Ufill
0x40d5e0,FUN_0040d5e0
0x40d600,FUN_0040d600
0x40d620,FUN_0040d620
0x40d670,FUN_0040d670
0x40d700,FUN_0040d700
0x40d740,FUN_0040d740
0x40d880,Class_0040d880::FUN_0040d880
0x40d8b0,Class_0040d8b0::FUN_0040d8b0
0x40d9c0,FUN_0040d9c0
0x40da40,Class_0040da40::FUN_0040da40
0x40e9a0,Class_0040e9a0::FUN_0040e9a0
0x40e9c0,Class_0040e9c0::FUN_0040e9c0
0x40e9e0,Class_0040e9e0::Class_0040e9e0
0x40eb30,Class_0040eb30::~Class_0040eb30
0x40f000,Class_0040f000::FUN_0040f000
0x40f1e0,Class_0040f1e0::FUN_0040f1e0
0x40f200,FUN_0040f200
0x40f790,FUN_0040f790
0x4103a0,FUN_004103a0
0x410830,Class_00410830::Class_00410830
0x411840,FUN_00411840
0x414350,FUN_00414350
0x415250,FUN_00415250
0x415b20,FUN_00415b20
0x415b30,FUN_00415b30
0x415b60,Class_00415b60::Class_00415b60
0x415b90,Class_00415b90::FUN_00415b90
0x415bb0,Class_00415b60::FUN_00415bb0
0x415c10,Class_00415c10::FUN_00415c10
0x415da0,Class_00415da0::FUN_00415da0
0x415dc0,Class_00415dc0::FUN_00415dc0
0x415e60,Class_00415dc0::FUN_00415e60
0x415e90,FUN_00415e90
0x415ef0,FUN_00415ef0
0x415f40,FUN_00415f40
0x416150,FUN_00416150
0x4161f0,FUN_004161f0
0x416240,FUN_00416240
0x416270,FUN_00416270
0x416280,FUN_00416280
0x416310,FUN_00416310
0x416370,FUN_00416370
0x416380,FUN_00416380
0x416390,FUN_00416390
0x4163a0,FUN_004163a0
0x4163d0,FUN_004163d0
0x416420,FUN_00416420
0x416460,FUN_00416460
0x4164b0,FUN_004164b0
0x416500,FUN_00416500
0x416510,FUN_00416510
0x416550,FUN_00416550
0x416590,FUN_00416590
0x4165c0,FUN_004165c0
0x416630,FUN_00416630
0x416660,FUN_00416660
0x416690,FUN_00416690
0x4166c0,FUN_004166c0
0x416710,FUN_00416710
0x416730,FUN_00416730
0x416780,FUN_00416780
0x4167f0,FUN_004167f0
0x416810,FUN_00416810
0x416820,FUN_00416820
0x416860,FUN_00416860
0x4169d0,FUN_004169d0
0x416a30,FUN_00416a30
0x416a90,FUN_00416a90
0x416ab0,FUN_00416ab0
0x416b50,FUN_00416b50
0x416cf0,FUN_00416cf0
0x416d20,FUN_00416d20
0x416d50,FUN_00416d50
0x416d80,FUN_00416d80
0x416db0,FUN_00416db0
0x416e00,FUN_00416e00
0x416e30,FUN_00416e30
0x416e60,FUN_00416e60
0x417030,FUN_00417030
0x417060,FUN_00417060
0x417090,FUN_00417090
0x4170c0,FUN_004170c0
0x417130,FUN_00417130
0x417150,FUN_00417150
0x4171f0,FUN_004171f0
0x417290,FUN_00417290
0x4172e0,FUN_004172e0
0x417300,FUN_00417300
0x4173e0,FUN_004173e0
0x417430,FUN_00417430
0x417490,FUN_00417490
0x4174d0,FUN_004174d0
0x4174e0,FUN_004174e0
0x417520,FUN_00417520
0x417540,FUN_00417540
0x417570,FUN_00417570
0x4175e0,FUN_004175e0
0x417760,FUN_00417760
0x4177a0,FUN_004177a0
0x417890,FUN_00417890
0x417a60,FUN_00417a60
0x417b50,FUN_00417b50
0x417bb0,FUN_00417bb0
0x417c00,FUN_00417c00
0x417f30,FUN_00417f30
0x418c70,FUN_00418c70
0x418ca0,FUN_00418ca0
0x4194c0,FUN_004194c0
0x4194d0,FUN_004194d0
0x419540,FUN_00419540
0x419550,FUN_00419550
0x419560,FUN_00419560
0x4195f0,FUN_004195f0
0x419630,FUN_00419630
0x419940,FUN_00419940
0x4199b0,FUN_004199b0
0x419ac0,FUN_00419ac0
0x419b00,FUN_00419b00
0x419bc0,FUN_00419bc0
0x41ac90,FUN_0041ac90
0x41b200,FUN_0041b200
0x41b230,FUN_0041b230
0x41b2a0,FUN_0041b2a0
0x41ba60,FUN_0041ba60
0x41bcd0,FUN_0041bcd0
0x41bd10,FUN_0041bd10
0x41c110,FUN_0041c110
0x41c150,FUN_0041c150
0x41c2b0,FUN_0041c2b0
0x41c2e0,FUN_0041c2e0
0x41c310,FUN_0041c310
0x41c390,FUN_0041c390
0x41c3c0,FUN_0041c3c0
0x41c450,FUN_0041c450
0x41c5e0,FUN_0041c5e0
0x41c640,FUN_0041c640
0x41cd20,FUN_0041cd20
0x41d2b0,FUN_0041d2b0
0x41d360,FUN_0041d360
0x41d3b0,FUN_0041d3b0
0x41d3f0,FUN_0041d3f0
0x41d4a0,FUN_0041d4a0
0x41d4b0,FUN_0041d4b0
0x41d6a0,FUN_0041d6a0
0x41d8a0,FUN_0041d8a0
0x41d8b0,FUN_0041d8b0
0x41d8c0,FUN_0041d8c0
0x41d920,FUN_0041d920
0x41d9f0,FUN_0041d9f0
0x41da10,FUN_0041da10
0x41da30,FUN_0041da30
0x41dee0,FUN_0041dee0
0x41df20,FUN_0041df20
0x41e240,FUN_0041e240
0x41e260,FUN_0041e260
0x41e420,FUN_0041e420
0x41ea30,FUN_0041ea30
0x41eaa0,FUN_0041eaa0
0x41f040,FUN_0041f040
0x41f0a0,FUN_0041f0a0
0x41f400,FUN_0041f400
0x41f5c0,FUN_0041f5c0
0x41f630,FUN_0041f630
0x41f680,FUN_0041f680
0x41f700,FUN_0041f700
0x41f760,FUN_0041f760
0x41f7f0,FUN_0041f7f0
0x4205f0,FUN_004205f0
0x420610,FUN_00420610
0x420920,FUN_00420920
0x420cb0,FUN_00420cb0
0x420d20,FUN_00420d20
0x421150,FUN_00421150
0x421170,FUN_00421170
0x4211a0,FUN_004211a0
0x4213b0,FUN_004213b0
0x421550,FUN_00421550
0x421e60,FUN_00421e60
0x421eb0,FUN_00421eb0
0x4222b0,FUN_004222b0
0x422460,FUN_00422460
0x4224b0,FUN_004224b0
0x422dd0,FUN_00422dd0
0x422e40,FUN_00422e40
0x4232a0,FUN_004232a0
0x4232f0,FUN_004232f0
0x423bf0,FUN_00423bf0
0x423c50,FUN_00423c50
0x4246b0,FUN_004246b0
0x424840,FUN_00424840
0x424c00,FUN_00424c00
0x4251e0,FUN_004251e0
0x4251f0,Class_004251f0::FUN_004251f0
0x425430,UElem_00425430::?$vector::erase
0x425470,UElem_00425430::?$vector::_Destroy
0x4256a0,FUN_004256a0
0x4256d0,FUN_004256d0
0x425730,FUN_00425730
0x425750,FUN_00425750
0x4257a0,FUN_004257a0
0x4257c0,FUN_004257c0
0x4257e0,FUN_004257e0
0x425860,FUN_00425860
0x425930,FUN_00425930
0x425a90,FUN_00425a90
0x425b60,FUN_00425b60
0x426190,FUN_00426190
0x428730,FUN_00428730
0x4287b0,FUN_004287b0
0x4287d0,FUN_004287d0
0x428850,FUN_00428850
0x4288d0,FUN_004288d0
0x428b60,FUN_00428b60
0x428bb0,FUN_00428bb0
0x428bc0,FUN_00428bc0
0x428bd0,FUN_00428bd0
0x428be0,FUN_00428be0
0x428bf0,FUN_00428bf0
0x428c00,FUN_00428c00
0x428c10,FUN_00428c10
0x428c20,FUN_00428c20
0x428c30,FUN_00428c30
0x428c40,FUN_00428c40
0x428c50,FUN_00428c50
0x428c60,Class_00428c90::Class_00428c90
0x428c90,Class_00428c90::FUN_00428c90
0x428cd0,Class_00428c90::FUN_00428cd0
0x428d10,Class_00428d10::FUN_00428d10
0x428f40,Class_00428f40::FUN_00428f40
0x428f60,Class_00428f60::FUN_00428f60
0x428fc0,FUN_00428fc0
0x428fe0,FUN_00428fe0
0x4290f0,FUN_004290f0
0x429290,FUN_00429290
0x4292e0,FUN_004292e0
0x429330,FUN_00429330
0x429660,FUN_00429660
0x429850,FUN_00429850
0x42a0e0,FUN_0042a0e0
0x42a140,FUN_0042a140
0x42a2c0,FUN_0042a2c0
0x42a320,FUN_0042a320
0x42a3b0,FUN_0042a3b0
0x42a400,FUN_0042a400
0x42a570,FUN_0042a570
0x42a870,??_EClass_004c2ea0@@QAEPAXI@Z
0x42a8d0,FUN_0042a8d0
0x42bcc0,FUN_0042bcc0
0x42bd10,FUN_0042bd10
0x42d1f0,FUN_0042d1f0
0x42db60,FUN_0042db60
0x42e120,FUN_0042e120
0x42e140,FUN_0042e140
0x42e1d0,FUN_0042e1d0
0x42e260,FUN_0042e260
0x42e2f0,FUN_0042e2f0
0x42e300,FUN_0042e300
0x42f740,FUN_0042f740
0x42f8c0,FUN_0042f8c0
0x42f900,FUN_0042f900
0x42f910,FUN_0042f910
0x42f960,FUN_0042f960
0x42f980,FUN_0042f980
0x430f00,FUN_00430f00
0x4318c0,FUN_004318c0
0x431920,FUN_00431920
0x431a20,FUN_00431a20
0x432520,FUN_00432520
0x432590,FUN_00432590
0x4325b0,FUN_004325b0
0x432610,FUN_00432610
0x4326b0,FUN_004326b0
0x432a80,FUN_00432a80
0x432b00,FUN_00432b00
0x432b60,FUN_00432b60
0x432b80,FUN_00432b80
0x432ba0,UElem_00432be0::?$vector::~?$vector
0x432be0,UElem_00432be0::?$vector::size
0x432c00,Class_00432c00::FUN_00432c00
0x432c20,Class_00432c20::FUN_00432c20
0x432c40,UEntry_00432cf0::?$vector::_Ucopy
0x432c80,FUN_00432c80
0x432cb0,FUN_00432cb0
0x432cf0,UEntry_00432cf0::?$allocator::construct
0x432d20,Class_004c93b0::FUN_00432d20
0x4330b0,Class_004330b0::FUN_004330b0
0x433500,Class_00433500::FUN_00433500
0x433520,Class_00433520::FUN_00433520
0x433540,Class_00433540::FUN_00433540
0x4335c0,Class_004335c0::FUN_004335c0
0x4335e0,Class_4335e0::FUN_004335e0
0x4336c0,UElem_004336c0::?$vector::~?$vector
0x4339c0,Class_004339c0::FUN_004339c0
0x4339e0,Class_004339e0::FUN_004339e0
0x433a10,Class_00433a10::Class_00433a10
0x433a30,UElem_00434020::?$vector::~?$vector
0x433a60,UElem_00433d50::?$vector::size
0x433a80,UElem_00434020::V?$vector::?$vector::~?$vector
0x433b00,UElem_00434020::V?$vector::?$vector::size
0x433d50,UElem_00433d50::?$vector::erase
0x433d90,UElem_00433d50::?$vector::_Destroy
0x433da0,UElem_00433d50::?$allocator::deallocate
0x434020,UElem_00434020::V?$vector::?$vector::erase
0x4340b0,UElem_004340b0::V?$vector::?$vector::_Destroy
0x434360,UElem_00434360::V?$vector::?$vector::erase
0x4343f0,UElem_00434020::?$allocator::destroy
0x434400,UElem_00434020::V?$vector::?$allocator::destroy
0x434430,FUN_00434430
0x434440,FUN_00434440
0x434470,UElem_00434020::?$vector::?$vector
0x4345c0,FUN_004345c0
0x4345e0,??4?$vector@UElem_00434020@@V?$allocator@UElem_00434020@@@std@@@std@@QAEAAV01@ABV01@@Z
0x434770,??4?$vector@UElem_00434360@@V?$allocator@UElem_00434360@@@std@@@std@@QAEAAV01@ABV01@@Z
0x4349c0,UElem_004349c0::?$vector::_Ucopy
0x4349f0,??_GElem_00434360@@QAEPAXI@Z
0x434ab0,FUN_00434ab0
0x434b90,FUN_00434b90
0x434bf0,FUN_00434bf0
0x434f70,Class_00434f70::Class_00434f70
0x434ff0,Class_00434ff0::~Class_00434ff0
0x435100,Class_00435100::FUN_00435100
0x435110,Class_00435110::FUN_00435110
0x4352b0,Class_004352b0::FUN_004352b0
0x4352d0,FUN_004352d0
0x435320,Class_00435320::FUN_00435320
0x4353a0,Class_004353a0::FUN_004353a0
0x4353b0,Class_004353b0::FUN_004353b0
0x4356c0,Class_004356c0::FUN_004356c0
0x4356f0,Class_004356f0::FUN_004356f0
0x4358f0,Class_004358f0::FUN_004358f0
0x435900,Class_00435900::FUN_00435900
0x435910,Class_00435910::FUN_00435910
0x435920,Class_00435920::FUN_00435920
0x435980,Class_00435980::FUN_00435980
0x435a20,Class_00435a20::FUN_00435a20
0x435c00,Class_00435c00::FUN_00435c00
0x435c20,Class_00435c20::FUN_00435c20
0x435c30,Class_00435c30::FUN_00435c30
0x435c40,Class_00435c40::FUN_00435c40
0x435c50,Class_00435c50::FUN_00435c50
0x435d30,Class_00435d30::FUN_00435d30
0x435da0,FUN_00435da0
0x437280,Class_00437280::FUN_00437280
0x437300,Class_00437300::FUN_00437300
0x437320,Class_00437320::FUN_00437320
0x4373a0,Class_004373a0::FUN_004373a0
0x437800,Class_00437800::Class_00437800
0x437820,Class_00437820::Class_00437820
0x437910,FUN_00437910
0x4379a0,Class_004379a0::FUN_004379a0
0x4379b0,Class_004379b0::FUN_004379b0
0x437a00,Class_00437a00::FUN_00437a00
0x437a20,Class_00437a20::FUN_00437a20
0x437a30,Class_00437a30::FUN_00437a30
0x437b30,FUN_00437b30
0x437b50,Class_00437a30::FUN_00437b50
0x437be0,Class_00437a30::FUN_00437be0
0x437c80,Class_00437c80::FUN_00437c80
0x437c90,Class_00437c90::FUN_00437c90
0x437cd0,FUN_00437cd0
0x437d30,FUN_00437d30
0x437d40,FUN_00437d40
0x437d50,FUN_00437d50
0x437d60,FUN_00437d60
0x438070,FUN_00438070
0x438250,FUN_00438250
0x438590,FUN_00438590
0x4385f0,FUN_004385f0
0x438700,FUN_00438700
0x438730,FUN_00438730
0x438760,Class_00438760::Class_00438760
0x438830,Class_00438830::FUN_00438830
0x438850,FUN_00438850
0x438870,Class_00438870::FUN_00438870
0x438880,Class_00438880::FUN_00438880
0x4388b0,Class_004388b0::FUN_004388b0
0x4388d0,Class_004388d0::FUN_004388d0
0x438930,Class_00438930::FUN_00438930
0x438ad0,Class_00438ad0::FUN_00438ad0
0x438b90,Class_00438b90::FUN_00438b90
0x438be0,FUN_00438be0
0x439cf0,FUN_00439cf0
0x439d20,FUN_00439d20
0x439d80,FUN_00439d80
0x439dd0,FUN_00439dd0
0x439df0,FUN_00439df0
0x439e30,FUN_00439e30
0x439e80,Class_00439e80::FUN_00439e80
0x439ea0,FUN_00439ea0
0x439eb0,FUN_00439eb0
0x439f80,FUN_00439f80
0x439fe0,FUN_00439fe0
0x43a020,FUN_0043a020
0x43a0c0,Class_0043a0c0::Class_0043a0c0
0x43a1e0,Class_0043a1f0::FUN_0043a1e0
0x43a1f0,Class_0043a1f0::~Class_0043a1f0
0x43a2d0,FUN_0043a2d0
0x43a940,FUN_0043a940
0x43ac60,FUN_0043ac60
0x43acb0,FUN_0043acb0
0x43ad10,FUN_0043ad10
0x43ad50,FUN_0043ad50
0x43adc0,FUN_0043adc0
0x43afc0,FUN_0043afc0
0x43b700,FUN_0043b700
0x43b730,FUN_0043b730
0x43bc90,FUN_0043bc90
0x43c020,FUN_0043c020
0x43c350,FUN_0043c350
0x43c360,Class_0043c360::FUN_0043c360
0x43c390,UElem_0043c390::?$vector::_Destroy
0x43c6b0,FUN_0043c6b0
0x43c940,FUN_0043c940
0x43cb20,FUN_0043cb20
0x43cbb0,Class_0043cbb0::FUN_0043cbb0
0x43cd20,Class_0043cd20::FUN_0043cd20
0x43d0d0,Class_0043d210::FUN_0043d0d0
0x43d210,Class_0043d210::FUN_0043d210
0x43d290,Class_0043d290::FUN_0043d290
0x43d6d0,Class_0043d6d0::FUN_0043d6d0
0x43da70,Class_0043da70::FUN_0043da70
0x43db50,Class_0043db50::FUN_0043db50
0x43dc00,Class_0043dc00::Class_0043dc00
0x43dd10,Class_0043dd10::FUN_0043dd10
0x43dd20,Class_0043dd20::FUN_0043dd20
0x43def0,FUN_0043def0
0x43e060,FUN_0043e060
0x43e0b0,FUN_0043e0b0
0x43e180,FUN_0043e180
0x43e1e0,FUN_0043e1e0
0x43e240,FUN_0043e240
0x43e3c0,FUN_0043e3c0
0x43e400,FUN_0043e400
0x43e470,FUN_0043e470
0x43f0e0,FUN_0043f0e0
0x4402e0,Class_004402e0::Class_004402e0
0x440320,Class_004402e0::~Class_004402e0
0x440420,FUN_00440420
0x440470,Class_00440470::FUN_00440470
0x4404c0,Class_004404c0::FUN_004404c0
0x440830,Class_00440830::FUN_00440830
0x440930,FUN_00440930
0x440a00,FUN_00440a00
0x440a40,FUN_00440a40
0x440a70,FUN_00440a70
0x440be0,Dummy_00440be0::FUN_00440be0
0x440c10,FUN_00440c10
0x440ca0,FUN_00440ca0
0x440cd0,FUN_00440cd0
0x441430,FUN_00441430
0x441bc0,FUN_00441bc0
0x441c30,FUN_00441c30
0x442000,FUN_00442000
0x442380,FUN_00442380
0x4423a0,FUN_004423a0
0x4428f0,FUN_004428f0
0x443070,FUN_00443070
0x443590,FUN_00443590
0x444910,FUN_00444910
0x444a20,FUN_00444a20
0x444ba0,FUN_00444ba0
0x444be0,FUN_00444be0
0x444c40,FUN_00444c40
0x445300,FUN_00445300
0x445e20,FUN_00445e20
0x445e50,FUN_00445e50
0x446020,FUN_00446020
0x446450,FUN_00446450
0x4467c0,FUN_004467c0
0x4468c0,FUN_004468c0
0x4469c0,FUN_004469c0
0x446a50,FUN_00446a50
0x446c70,FUN_00446c70
0x446e90,FUN_00446e90
0x446f50,FUN_00446f50
0x448bf0,FUN_00448bf0
0x44afb0,FUN_0044afb0
0x44b100,FUN_0044b100
0x44b330,FUN_0044b330
0x44b600,FUN_0044b600
0x44c7a0,FUN_0044c7a0
0x44ce20,Class_0044ce20::Class_0044ce20
0x44ce40,FUN_0044ce40
0x44ce50,Class_0044ce50::FUN_0044ce50
0x44ce70,Class_0044ce70::Class_0044ce70
0x44ce80,FUN_0044ce80
0x44ce90,Class_0044ce90::FUN_0044ce90
0x44cec0,FUN_0044cec0
0x44ced0,Class_0044ced0::FUN_0044ced0
0x44cef0,FUN_0044cef0
0x44cf00,Class_0044cf00::FUN_0044cf00
0x44cf20,FUN_0044cf20
0x44cf30,FUN_0044cf30
0x44cf40,FUN_0044cf40
0x44cf50,FUN_0044cf50
0x44cf60,Class_0044cf60::Class_0044cf60
0x44cfe0,FUN_0044cfe0
0x44cff0,Class_0044cff0::FUN_0044cff0
0x44d010,Class_0044d010::Class_0044d010
0x44d090,Class_0044d010::FUN_0044d090
0x44d290,Class_0044d290::FUN_0044d290
0x44d2c0,Class_0044d2c0::FUN_0044d2c0
0x44d310,Class_0044d310::FUN_0044d310
0x44d350,Class_0044d350::FUN_0044d350
0x44d3b0,Class_0044d3b0::Class_0044d3b0
0x44d440,FUN_0044d440
0x44d450,Class_0044d450::FUN_0044d450
0x44d470,Class_0044d470::Class_0044d470
0x44d500,Class_0044d470::FUN_0044d500
0x44d720,Class_0044d720::FUN_0044d720
0x44d7c0,Class_0044d7c0::FUN_0044d7c0
0x44d800,Class_0044d800::FUN_0044d800
0x44d840,Class_0044d840::FUN_0044d840
0x44d8a0,Class_0044d8a0::Class_0044d8a0
0x44d900,FUN_0044d900
0x44d910,Class_0044d910::FUN_0044d910
0x44d930,Class_0044d930::Class_0044d930
0x44d9a0,Class_0044d930::FUN_0044d9a0
0x44dc60,Class_0044dc60::FUN_0044dc60
0x44dcb0,Class_0044dcb0::FUN_0044dcb0
0x44df70,FUN_0044df70
0x44df80,Class_0044df80::FUN_0044df80
0x44e080,Class_0044e080::Class_0044e080
0x44e250,Class_0044e250::Class_0044e250
0x44e2d0,Class_0044e2d0::Class_0044e2d0
0x44e330,Class_0044e330::Class_0044e330
0x44e3a0,Class_0044e3a0::FUN_0044e3a0
0x44e530,Class_0044e530::FUN_0044e530
0x44e6b0,FUN_0044e6b0
0x44e6c0,Class_0044e6c0::FUN_0044e6c0
0x44e720,Class_0044e720::FUN_0044e720
0x44e730,Class_0044e730::FUN_0044e730
0x44e740,Class_0044e740::Class_0044e740
0x44e7a0,FUN_0044e7a0
0x44e7b0,Class_0044e7b0::FUN_0044e7b0
0x44e930,Class_0044e740::FUN_0044e930
0x44e9c0,Class_0044e9c0::Class_0044e9c0
0x44ea50,FUN_0044ea50
0x44eb40,Class_0044eb40::FUN_0044eb40
0x44eb60,Class_0044e740::FUN_0044eb60
0x44ec00,FUN_0044ec00
0x44ec10,Class_0044e740::FUN_0044ec10
0x44ec20,Class_0044ec20::FUN_0044ec20
0x44ee60,UPoint_0044eec0::?$vector::_Destroy
0x44ee70,Class_0044ee70::FUN_0044ee70
0x44ee90,UPoint_0044eec0::?$vector::_Ucopy
0x44eec0,UPoint_0044eec0::?$vector::_Ufill
0x44eef0,FUN_0044eef0
0x44ef20,Class_0044ef20::Class_0044ef20
0x44ef40,FUN_0044ef40
0x44ef50,FUN_0044ef50
0x44ef60,??_GClass_0044ef20@@UAEPAXI@Z
0x44ef80,Class_0044ef80::FUN_0044ef80
0x44ef90,Class_44ef90::FUN_0044ef90
0x44efb0,FUN_0044efb0
0x44efc0,FUN_0044efc0
0x44efd0,FUN_0044efd0
0x44efe0,FUN_0044efe0
0x44eff0,FUN_0044eff0
0x44f000,FUN_0044f000
0x44f010,Class_0044f010::Class_0044f010
0x44f040,??_GClass_0044f010@@UAEPAXI@Z
0x44f080,Class_0044f010::FUN_0044f080
0x44f100,Class_0044f010::FUN_0044f100
0x44f150,Class_0044f150::FUN_0044f150
0x44f260,Class_0044f260::FUN_0044f260
0x44f290,Class_0044f290::FUN_0044f290
0x44f450,Class_0044f010::~Class_0044f010
0x44f480,Class_0044f480::FUN_0044f480
0x44f570,Class_0044f570::Class_0044f570
0x44f590,??_GClass_0044f570@@UAEPAXI@Z
0x44f5b0,Class_0044f5b0::FUN_0044f5b0
0x44f5c0,Class_0044f5c0::FUN_0044f5c0
0x44f650,Class_0044f650::FUN_0044f650
0x44f6a0,FUN_0044f6a0
0x44f6e0,FUN_0044f6e0
0x44f8a0,Class_0044f8a0::Class_0044f8a0
0x44f900,Class_0044f8a0::~Class_0044f8a0
0x44f940,Class_0044f940::FUN_0044f940
0x44fc10,Class_0044fc10::FUN_0044fc10
0x44fd40,FUN_0044fd40
0x44fd50,FUN_0044fd50
0x44fd60,FUN_0044fd60
0x44fd70,FUN_0044fd70
0x44fd80,FUN_0044fd80
0x44fd90,FUN_0044fd90
0x44fda0,Class_0044fda0::FUN_0044fda0
0x44fdb0,FUN_0044fdb0
0x44fe00,FUN_0044fe00
0x44fe40,FUN_0044fe40
0x44feb0,FUN_0044feb0
0x44ffd0,FUN_0044ffd0
0x450010,FUN_00450010
0x450030,FUN_00450030
0x450090,FUN_00450090
0x4504f0,FUN_004504f0
0x450530,FUN_00450530
0x450910,FUN_00450910
0x450980,FUN_00450980
0x450a10,FUN_00450a10
0x450d80,FUN_00450d80
0x450dd0,FUN_00450dd0
0x450e20,FUN_00450e20
0x450f90,FUN_00450f90
0x451090,FUN_00451090
0x451180,FUN_00451180
0x451540,FUN_00451540
0x4515d0,FUN_004515d0
0x451770,FUN_00451770
0x451b60,FUN_00451b60
0x451bc0,FUN_00451bc0
0x451df0,FUN_00451df0
0x452370,FUN_00452370
0x452b70,FUN_00452b70
0x452bd0,FUN_00452bd0
0x452c40,FUN_00452c40
0x452cc0,FUN_00452cc0
0x453010,FUN_00453010
0x453320,FUN_00453320
0x453360,FUN_00453360
0x456030,Class_00456030::FUN_00456030
0x456050,FUN_00456050
0x4560c0,FUN_004560c0
0x456110,FUN_00456110
0x456190,FUN_00456190
0x456200,FUN_00456200
0x456290,FUN_00456290
0x456310,FUN_00456310
0x456850,FUN_00456850
0x4568b0,FUN_004568b0
0x4571c0,FUN_004571c0
0x4578d0,FUN_004578d0
0x4578f0,FUN_004578f0
0x457a50,FUN_00457a50
0x457af0,FUN_00457af0
0x457b40,FUN_00457b40
0x457b90,FUN_00457b90
0x457bc0,FUN_00457bc0
0x457c10,FUN_00457c10
0x457c80,FUN_00457c80
0x457cb0,FUN_00457cb0
0x458160,Class_00458160::FUN_00458160
0x458180,Class_00458180::FUN_00458180
0x4581c0,Class_004581c0::FUN_004581c0
0x4581e0,Class_004581e0::FUN_004581e0
0x458430,Class_00458430::FUN_00458430
0x4584d0,Class_004584d0::FUN_004584d0
0x4587b0,FUN_004587b0
0x458d20,FUN_00458d20
0x458d30,Class_00458d30::FUN_00458d30
0x459170,Class_00459170::FUN_00459170
0x459200,Class_00459200::FUN_00459200
0x4597f0,FUN_004597f0
0x45a470,Class_0045a470::FUN_0045a470
0x45a8d0,FUN_0045a8d0
0x45ae80,FUN_0045ae80
0x45aec0,FUN_0045aec0
0x45b030,FUN_0045b030
0x45b480,FUN_0045b480
0x45b640,FUN_0045b640
0x45b660,FUN_0045b660
0x45b800,FUN_0045b800
0x45b820,FUN_0045b820
0x45b860,FUN_0045b860
0x45b920,FUN_0045b920
0x45b9b0,FUN_0045b9b0
0x45ba20,FUN_0045ba20
0x45ba60,FUN_0045ba60
0x45baf0,FUN_0045baf0
0x45bcc0,FUN_0045bcc0
0x45bea0,FUN_0045bea0
0x45bf60,FUN_0045bf60
0x45c330,FUN_0045c330
0x45c3d0,FUN_0045c3d0
0x45c3f0,FUN_0045c3f0
0x45c510,FUN_0045c510
0x45c630,FUN_0045c630
0x45c6d0,FUN_0045c6d0
0x45ca50,FUN_0045ca50
0x45cf60,FUN_0045cf60
0x45d0c0,FUN_0045d0c0
0x45f190,FUN_0045f190
0x45f770,FUN_0045f770
0x45f8c0,FUN_0045f8c0
0x45fac0,FUN_0045fac0
0x45fb30,FUN_0045fb30
0x45fbc0,FUN_0045fbc0
0x45fc40,FUN_0045fc40
0x4605c0,FUN_004605c0
0x460680,FUN_00460680
0x4609a0,FUN_004609a0
0x460f40,Class_00460f40::Class_00460f40
0x461020,FUN_00461020
0x461170,FUN_00461170
0x461180,FUN_00461180
0x4615f0,Class_004615f0::FUN_004615f0
0x461610,Class_00461610::FUN_00461610
0x461620,Class_00461620::FUN_00461620
0x461630,Class_00461630::FUN_00461630
0x461820,Class_00461820::FUN_00461820
0x461860,Class_00461860::FUN_00461860
0x4618a0,Class_004618a0::FUN_004618a0
0x461900,Class_00461900::FUN_00461900
0x461990,Class_00461990::FUN_00461990
0x4619b0,Class_004619b0::FUN_004619b0
0x4619e0,Class_004619e0::FUN_004619e0
0x461a70,Class_00461a70::Class_00461a70
0x461ac0,Class_00461a70::~Class_00461a70
0x461d60,FUN_00461d60
0x461d70,FUN_00461d70
0x461d80,Class_00461d80::FUN_00461d80
0x461da0,Class_00461da0::FUN_00461da0
0x461db0,Class_00462470::FUN_00461db0
0x461f90,Class_00461f90::FUN_00461f90
0x462370,Class_00462370::FUN_00462370
0x4623b0,Class_004623b0::FUN_004623b0
0x4623e0,Class_004623e0::FUN_004623e0
0x462470,Class_00462470::FUN_00462470
0x4626e0,Class_004626e0::FUN_004626e0
0x462710,Class_00462710::FUN_00462710
0x462860,Class_00462860::FUN_00462860
0x4628a0,Class_004628a0::FUN_004628a0
0x4629b0,Class_004629b0::FUN_004629b0
0x462a40,Class_00462a40::FUN_00462a40
0x462a60,Class_00462a60::FUN_00462a60
0x462ae0,Class_00462ae0::FUN_00462ae0
0x462bd0,Class_00462bd0::FUN_00462bd0
0x462bf0,Class_00462bf0::FUN_00462bf0
0x462cc0,??_GClass_00462d30@@UAEPAXI@Z
0x462d30,Class_00462d30::~Class_00462d30
0x462ed0,Class_00462ed0::FUN_00462ed0
0x4635b0,Class_004635b0::Class_004635b0
0x463610,Class_004635b0::FUN_00463610
0x463680,Class_00463680::~Class_00463680
0x4636b0,Class_004636b0::Class_004636b0
0x463710,Class_004636b0::~Class_004636b0
0x463730,Class_00463730::FUN_00463730
0x463ba0,FUN_00463ba0
0x463bd0,FUN_00463bd0
0x463be0,Class_00463be0::Class_00463be0
0x463c40,Class_00463c40::FUN_00463c40
0x463c60,Class_00463c60::FUN_00463c60
0x463c80,FUN_00463c80
0x463ca0,FUN_00463ca0
0x463e50,FUN_00463e50
0x463ef0,FUN_00463ef0
0x463f60,FUN_00463f60
0x464000,FUN_00464000
0x464060,FUN_00464060
0x464290,FUN_00464290
0x464700,FUN_00464700
0x4648e0,FUN_004648e0
0x464990,FUN_00464990
0x4649d0,FUN_004649d0
0x464ab0,FUN_00464ab0
0x464ac0,FUN_00464ac0
0x464ad0,FUN_00464ad0
0x464af0,FUN_00464af0
0x464b00,FUN_00464b00
0x464b10,FUN_00464b10
0x464da0,FUN_00464da0
0x464de0,FUN_00464de0
0x465fb0,FUN_00465fb0
0x466050,FUN_00466050
0x466580,FUN_00466580
0x466aa0,FUN_00466aa0
0x466b00,FUN_00466b00
0x466b70,FUN_00466b70
0x467950,FUN_00467950
0x467960,FUN_00467960
0x467980,FUN_00467980
0x4679a0,FUN_004679a0
0x467a20,FUN_00467a20
0x467b60,FUN_00467b60
0x468310,FUN_00468310
0x46a400,Class_0046a400::FUN_0046a400
0x46ba80,FUN_0046ba80
0x46bc60,FUN_0046bc60
0x46bc70,FUN_0046bc70
0x46bf00,FUN_0046bf00
0x46bf20,FUN_0046bf20
0x46c190,FUN_0046c190
0x46c2a0,FUN_0046c2a0
0x46c620,FUN_0046c620
0x46c810,FUN_0046c810
0x46c8b0,FUN_0046c8b0
0x46c8c0,FUN_0046c8c0
0x46c8d0,FUN_0046c8d0
0x46c8e0,FUN_0046c8e0
0x46cbe0,Class_0046cbe0::Class_0046cbe0
0x46cec0,Class_0046cec0::FUN_0046cec0
0x46d040,Class_0046d040::Class_0046d040
0x46d4c0,Class_0046d4c0::FUN_0046d4c0
0x46d500,Class_0046d500::FUN_0046d500
0x46d530,Class_0046d4c0::FUN_0046d530
0x46d5b0,Class_0046d4c0::FUN_0046d5b0
0x46d630,Class_0046d630::FUN_0046d630
0x46d6c0,Class_0046d6c0::FUN_0046d6c0
0x46d860,Class_0046d860::FUN_0046d860
0x46ded0,Class_0046ded0::~Class_0046ded0
0x46df40,Class_0046df40::FUN_0046df40
0x46e330,Class_0046e330::FUN_0046e330
0x46e450,Class_0046e450::FUN_0046e450
0x46e4d0,Class_0046e4d0::FUN_0046e4d0
0x46e550,Class_0046e330::FUN_0046e550
0x46e5c0,Class_0046e5c0::FUN_0046e5c0
0x46e5e0,Class_0046e5e0::~Class_0046e5e0
0x46e610,Class_0046e610::~Class_0046e610
0x46e870,UElem_0046faf0::?$vector::_Destroy
0x46e880,Class_0046e880::FUN_0046e880
0x46e9b0,Class_0046e9b0::FUN_0046e9b0
0x46ea10,Class_0046ea10::FUN_0046ea10
0x46eb60,std::H::HV?$allocator::?$list::erase
0x46f6d0,Class_0046f6d0::FUN_0046f6d0
0x46f720,Class_0046f720::FUN_0046f720
0x46fac0,??Eiterator@?$list@HV?$allocator@H@std@@@std@@QAE?AV012@H@Z
0x46fad0,Class_0046fad0::Class_0046fad0
0x46faf0,UElem_0046faf0::?$vector::_Ucopy
0x46fb40,UElem_0046faf0::?$vector::_Ufill
0x46fe60,Class_0046fe60::FUN_0046fe60
0x46feb0,Class_0046feb0::FUN_0046feb0
0x46ff10,Class_0046ff10::FUN_0046ff10
0x46ff70,Class_0046ff70::FUN_0046ff70
0x46ff90,Class_0046ff90::FUN_0046ff90
0x470030,FUN_00470030
0x470250,Class_00470250::FUN_00470250
0x470270,Class_00470270::FUN_00470270
0x470290,UElem_004702a0::?$vector::_Destroy
0x4702a0,UElem_004702a0::?$vector::_Ucopy
0x4702d0,FUN_004702d0
0x470300,??_GClass_0046ded0@@QAEPAXI@Z
0x470770,Class_00470770::FUN_00470770
0x470a40,FUN_00470a40
0x470a90,Class_00470a90::FUN_00470a90
0x470ae0,??_GClass_00470ae0@@UAEPAXI@Z
0x470b80,Class_00470b80::FUN_00470b80
0x470c10,Class_00470c10::FUN_00470c10
0x470e50,Class_00470e50::FUN_00470e50
0x470eb0,Class_00470eb0::FUN_00470eb0
0x470ed0,Class_00470ed0::FUN_00470ed0
0x470ef0,UElem_00470f00::?$vector::_Destroy
0x470f00,UElem_00470f00::?$vector::_Ucopy
0x470f30,UElem_00470f00::?$vector::_Ufill
0x470f60,FUN_00470f60
0x470f80,Class_00470fb0::Class_00470fb0
0x470fb0,Class_00470fb0::~Class_00470fb0
0x471050,Class_00470fb0::FUN_00471050
0x4710e0,Class_00470fb0::FUN_004710e0
0x471120,Class_00471120::FUN_00471120
0x471430,??_GClass_00471430@@UAEPAXI@Z
0x471560,??_GClass_00471560@@UAEPAXI@Z
0x4716a0,??_GClass_004716a0@@UAEPAXI@Z
0x4717e0,??_GClass_004717e0@@UAEPAXI@Z
0x471c80,FUN_00471c80
0x471ca0,FUN_00471ca0
0x471cc0,Class_00471cc0::Class_00471cc0
0x471cd0,??_GClass_00471cc0@@UAEPAXI@Z
0x471d00,Class_00471cc0::~Class_00471cc0
0x471d10,??2Class_00471cc0@@SGPAXI@Z
0x471d50,??3Class_00471cc0@@SGXPAX@Z
0x471d70,Class_00471d70::FUN_00471d70
0x471d90,FUN_00471d90
0x471eb0,FUN_00471eb0
0x471f40,FUN_00471f40
0x471f90,FUN_00471f90
0x471fd0,FUN_00471fd0
0x472630,FUN_00472630
0x472d30,Class_00472d30::FUN_00472d30
0x472e00,Class_00472e00::FUN_00472e00
0x472e30,Class_00472e30::FUN_00472e30
0x472e70,Class_00472e70::FUN_00472e70
0x472f60,Class_00472f60::FUN_00472f60
0x472f90,Class_00472fd0::FUN_00472f90
0x472fd0,Class_00472fd0::FUN_00472fd0
0x4730c0,Class_004730c0::FUN_004730c0
0x4730f0,Class_004730f0::FUN_004730f0
0x473130,Class_00473130::FUN_00473130
0x473220,Class_00473220::FUN_00473220
0x473250,Class_00473250::FUN_00473250
0x473290,Class_00473290::FUN_00473290
0x4732d0,UElem_00473500::?$vector::_Destroy
0x473500,UElem_00473500::?$vector::_Ucopy
0x473530,UElem_00473500::?$vector::_Ufill
0x473560,Class_00473560::FUN_00473560
0x473590,Class_00473590::FUN_00473590
0x4736c0,Class_004736c0::FUN_004736c0
0x4739b0,Class_004739b0::FUN_004739b0
0x473a00,Class_00473a00::FUN_00473a00
0x473b30,Class_00473b30::FUN_00473b30
0x474130,Class_00474130::FUN_00474130
0x474170,Class_00474170::FUN_00474170
0x4742a0,Class_004742a0::FUN_004742a0
0x474580,Class_00474580::FUN_00474580
0x4745e0,Class_004745e0::FUN_004745e0
0x474720,Class_00474720::FUN_00474720
0x474b00,Class_00474b00::FUN_00474b00
0x474cb0,Class_00474cb0::FUN_00474cb0
0x474cd0,Class_00474cd0::Class_00474cd0
0x474d10,??_GClass_00474cd0@@UAEPAXI@Z
0x474d50,Class_00474d50::FUN_00474d50
0x474f80,Class_00474f80::FUN_00474f80
0x474fc0,Class_00474fc0::FUN_00474fc0
0x475040,Class_00475040::FUN_00475040
0x475090,Class_00475090::FUN_00475090
0x4750b0,Class_004750b0::Class_004750b0
0x4750f0,Class_004750f0::FUN_004750f0
0x475110,??_GClass_004750b0@@UAEPAXI@Z
0x475150,Class_00475150::FUN_00475150
0x475330,FUN_00475330
0x475440,Class_00475440::FUN_00475440
0x475700,Class_004750b0::FUN_00472e30
0x475840,Class_00475840::FUN_00475840
0x475870,UElem_00475880::?$vector::_Destroy
0x475880,UElem_00475880::?$vector::_Ucopy
0x476710,UElem_00475880::?$vector::_Ufill
0x476740,FUN_00476740
0x4767e0,FUN_004767e0
0x4767f0,FUN_004767f0
0x4769f0,FUN_004769f0
0x476c70,FUN_00476c70
0x476ca0,FUN_00476ca0
0x476e90,FUN_00476e90
0x476ef0,FUN_00476ef0
0x4774d0,FUN_004774d0
0x477510,FUN_00477510
0x4794d0,FUN_004794d0
0x479500,FUN_00479500
0x479530,FUN_00479530
0x479560,FUN_00479560
0x479590,FUN_00479590
0x4795e0,FUN_004795e0
0x479620,FUN_00479620
0x479660,FUN_00479660
0x479760,FUN_00479760
0x479bf0,FUN_00479bf0
0x47a700,FUN_0047a700
0x47a8e0,FUN_0047a8e0
0x47aaa0,FUN_0047aaa0
0x47acb0,FUN_0047acb0
0x47ae30,FUN_0047ae30
0x47bd70,FUN_0047bd70
0x47bf20,Class_0047bf20::FUN_0047bf20
0x47c230,Class_0047c230::FUN_0047c230
0x47c2a0,Class_0047c2a0::FUN_0047c2a0
0x47c2f0,Class_0047c2f0::FUN_0047c2f0
0x47c330,Class_0047c330::FUN_0047c330
0x47c4d0,FUN_0047c4d0
0x47c770,FUN_0047c770
0x47c780,FUN_0047c780
0x47c790,FUN_0047c790
0x47cac0,FUN_0047cac0
0x47caf0,FUN_0047caf0
0x47cb00,Class_0047cb00::FUN_0047cb00
0x47cb40,Class_0047cb40::FUN_0047cb40
0x47cb60,FUN_0047cb60
0x47cbd0,FUN_0047cbd0
0x47d0e0,FUN_0047d0e0
0x47d820,FUN_0047d820
0x47d970,FUN_0047d970
0x47dac0,FUN_0047dac0
0x47db20,FUN_0047db20
0x47db70,FUN_0047db70
0x47ddc0,FUN_0047ddc0
0x47e570,FUN_0047e570
0x47e5c0,FUN_0047e5c0
0x47e750,FUN_0047e750
0x47e890,FUN_0047e890
0x47ed30,FUN_0047ed30
0x47efc0,FUN_0047efc0
0x47efd0,FUN_0047efd0
0x47efe0,FUN_0047efe0
0x47f060,FUN_0047f060
0x47f090,FUN_0047f090
0x47f0c0,FUN_0047f0c0
0x47f1a0,FUN_0047f1a0
0x47f210,FUN_0047f210
0x47f290,FUN_0047f290
0x47f300,FUN_0047f300
0x47f610,FUN_0047f610
0x47f750,FUN_0047f750
0x47f780,FUN_0047f780
0x47f7e0,FUN_0047f7e0
0x47f850,FUN_0047f850
0x47f8c0,FUN_0047f8c0
0x47f960,Class_0047f960::Class_0047f960
0x47f990,Class_0047f990::FUN_0047f990
0x47fa30,Class_0047fa30::FUN_0047fa30
0x47fad0,Class_0047fad0::FUN_0047fad0
0x47ffa0,Class_0047ffa0::FUN_0047ffa0
0x4800c0,Class_004800c0::FUN_004800c0
0x480100,Class_00480100::FUN_00480100
0x480160,Class_00480160::Class_00480160
0x480190,FUN_00480190
0x4801f0,FUN_004801f0
0x480250,FUN_00480250
0x480460,FUN_00480460
0x4804e0,FUN_004804e0
0x480510,FUN_00480510
0x480570,FUN_00480570
0x480720,FUN_00480720
0x480c30,Class_00480c30::FUN_00480c30
0x480c50,Class_00480c50::FUN_00480c50
0x480cb0,Class_00480cb0::FUN_00480cb0
0x480ce0,Class_00485e30::FUN_00480ce0
0x480d40,Class_00480d40::FUN_00480d40
0x480d50,Class_00480d50::FUN_00480d50
0x480db0,Class_00485e30::FUN_00480db0
0x480df0,Class_00485e30::FUN_00480df0
0x480e30,Class_00480e30::FUN_00480e30
0x480e50,Class_00480e50::FUN_00480e50
0x480e70,Class_00480e70::FUN_00480e70
0x480e90,FUN_00480e90
0x480ea0,FUN_00480ea0
0x481340,Class_00481340::FUN_00481340
0x4813b0,Class_004813b0::FUN_004813b0
0x481430,Class_00481430::FUN_00481430
0x481470,Class_00481470::FUN_00481470
0x481490,Class_00481490::FUN_00481490
0x4814b0,FUN_004814b0
0x4814f0,FUN_004814f0
0x481500,FUN_00481500
0x481530,FUN_00481530
0x481550,FUN_00481550
0x4815a0,FUN_004815a0
0x4816a0,FUN_004816a0
0x481d50,FUN_00481d50
0x482090,FUN_00482090
0x482110,FUN_00482110
0x4825b0,FUN_004825b0
0x4827b0,FUN_004827b0
0x483210,FUN_00483210
0x483370,FUN_00483370
0x484b50,FUN_00484b50
0x484ce0,FUN_00484ce0
0x484d60,FUN_00484d60
0x484df0,FUN_00484df0
0x484e80,FUN_00484e80
0x484f50,FUN_00484f50
0x484fa0,FUN_00484fa0
0x485010,FUN_00485010
0x485070,FUN_00485070
0x485330,FUN_00485330
0x4853b0,FUN_004853b0
0x485420,FUN_00485420
0x485940,FUN_00485940
0x485e30,??_GClass_00485e30@@UAEPAXI@Z
0x485e50,FUN_00485e50
0x486360,FUN_00486360
0x486460,FUN_00486460
0x4864b0,FUN_004864b0
0x486e80,FUN_00486e80
0x486ed0,FUN_00486ed0
0x486f10,FUN_00486f10
0x486fd0,FUN_00486fd0
0x488920,FUN_00488920
0x488960,FUN_00488960
0x488b10,FUN_00488b10
0x488be0,FUN_00488be0
0x488bf0,FUN_00488bf0
0x488c50,FUN_00488c50
0x488d30,Class_00488d30::FUN_00488d30
0x488f30,FUN_00488f30
0x489240,Class_00489240::FUN_00489240
0x489260,Class_00489260::Class_00489260
0x4894f0,FUN_004894f0
0x489540,Class_00489540::FUN_00489540
0x489580,Class_00489540::FUN_00489580
0x4895c0,Class_004895c0::Class_004895c0
0x489600,??_GClass_004895c0@@UAEPAXI@Z
0x489650,Class_00489650::FUN_00489650
0x489690,Class_004895c0::FUN_00489690
0x4896f0,Class_004896f0::FUN_004896f0
0x4897b0,FUN_004897b0
0x4897e0,Class_004897e0::FUN_004897e0
0x489800,Class_00489800::FUN_00489800
0x4898b0,Class_004898b0::FUN_004898b0
0x489960,Class_00489960::FUN_00489960
0x489a70,Class_00489a70::FUN_00489a70
0x489bb0,FUN_00489bb0
0x48a060,FUN_0048a060
0x48a0a0,FUN_0048a0a0
0x48a0f0,FUN_0048a0f0
0x48a160,FUN_0048a160
0x48a190,FUN_0048a190
0x48a440,FUN_0048a440
0x48a7f0,FUN_0048a7f0
0x48a980,FUN_0048a980
0x48a9b0,FUN_0048a9b0
0x48a9f0,FUN_0048a9f0
0x48aac0,FUN_0048aac0
0x48ab70,FUN_0048ab70
0x48b090,Class_0048b090::FUN_0048b090
0x48bcb0,FUN_0048bcb0
0x48bd00,FUN_0048bd00
0x48c150,FUN_0048c150
0x48c190,FUN_0048c190
0x48c320,FUN_0048c320
0x48c9b0,FUN_0048c9b0
0x48cf30,FUN_0048cf30
0x48df90,Class_0048df90::Class_0048df90
0x48dfb0,Class_0048dfb0::FUN_0048dfb0
0x48ea00,Class_0048ea00::FUN_0048ea00
0x48ea10,FUN_0048ea10
0x48ea20,FUN_0048ea20
0x48ea30,FUN_0048ea30
0x48ea40,Class_0048ea40::FUN_0048ea40
0x48eac0,Class_0048eac0::FUN_0048eac0
0x48eb00,Class_0048eb00::FUN_0048eb00
0x48eb40,Class_0048eb40::FUN_0048eb40
0x48eb80,Class_0048eb80::FUN_0048eb80
0x48ebc0,Class_0048ebc0::FUN_0048ebc0
0x48ec00,Class_0048ec00::FUN_0048ec00
0x48ec20,Class_0048ec20::FUN_0048ec20
0x48ecb0,Class_0048ecb0::FUN_0048ecb0
0x48ed00,Class_0048ed00::FUN_0048ed00
0x48ed50,Class_0048ed50::FUN_0048ed50
0x48edb0,Class_0048edb0::FUN_0048edb0
0x48ee30,Class_0048ee30::FUN_0048ee30
0x48ee70,Class_0048ee70::FUN_0048ee70
0x48eeb0,Class_0048eeb0::FUN_0048eeb0
0x48ef00,Class_0048ef00::FUN_0048ef00
0x48ef40,Class_0048ef40::FUN_0048ef40
0x48ef80,Class_0048ef80::FUN_0048ef80
0x48efb0,Class_0048efb0::FUN_0048efb0
0x48f070,Class_0048f070::FUN_0048f070
0x48f0b0,Class_0048f0b0::FUN_0048f0b0
0x48f0f0,Class_0048f0f0::FUN_0048f0f0
0x48f160,Class_0048f160::FUN_0048f160
0x48f1b0,Class_0048f1b0::FUN_0048f1b0
0x48f200,Class_0048f250::FUN_0048f200
0x48f250,Class_0048f250::FUN_0048f250
0x48f2f0,Class_0048f2f0::FUN_0048f2f0
0x48f330,Class_0048f330::FUN_0048f330
0x48f370,Class_0048f370::FUN_0048f370
0x48f3e0,Class_0048f3e0::FUN_0048f3e0
0x48f440,Class_0048f440::FUN_0048f440
0x48f480,Class_0048f480::FUN_0048f480
0x48f4c0,Class_0048f4c0::FUN_0048f4c0
0x48f530,Class_0048f530::FUN_0048f530
0x48f590,Class_0048f590::FUN_0048f590
0x48f5d0,Class_0048f5d0::FUN_0048f5d0
0x48f610,Class_0048f610::FUN_0048f610
0x48f630,Class_0048f630::FUN_0048f630
0x48f670,Class_0048f670::FUN_0048f670
0x48f6b0,Class_0048f6b0::FUN_0048f6b0
0x48f710,Class_0048f710::FUN_0048f710
0x48f750,Class_0048f750::FUN_0048f750
0x48f790,Class_0048f7e0::FUN_0048f790
0x48f7e0,Class_0048f7e0::FUN_0048f7e0
0x48f840,Class_0048f840::FUN_0048f840
0x48f880,Class_0048f880::FUN_0048f880
0x48f8c0,Class_0048f8c0::FUN_0048f8c0
0x48f900,Class_0048f900::FUN_0048f900
0x48f950,Class_0048f950::FUN_0048f950
0x48f9a0,Class_0048f9a0::FUN_0048f9a0
0x48fab0,Class_0048fab0::FUN_0048fab0
0x48faf0,Class_0048faf0::FUN_0048faf0
0x48fb30,Class_0048fb30::FUN_0048fb30
0x48fb60,Class_0048fb60::FUN_0048fb60
0x48fbc0,Class_0048fbc0::FUN_0048fbc0
0x48fc00,Class_0048fc00::FUN_0048fc00
0x48fc40,Class_0048fc40::FUN_0048fc40
0x48fc70,Class_0048fc70::FUN_0048fc70
0x48fcd0,Class_0048fcd0::FUN_0048fcd0
0x48fd10,Class_0048fd10::FUN_0048fd10
0x48fd50,Class_0048fd50::FUN_0048fd50
0x48fd70,Class_0048fd70::FUN_0048fd70
0x48fdb0,Class_0048fdb0::FUN_0048fdb0
0x48fdf0,Class_0048ff40::FUN_0048fdf0
0x48fe60,Class_0048fe60::FUN_0048fe60
0x48fed0,Class_0048ff40::FUN_0048fed0
0x48ff40,Class_0048ff40::FUN_0048ff40
0x48ffd0,FUN_0048ffd0
0x490050,FUN_00490050
0x490200,FUN_00490200
0x4904b0,Class_004904b0::FUN_004904b0
0x4904c0,Class_004904c0::FUN_004904c0
0x490520,Class_00490520::FUN_00490520
0x490580,Class_00490520::FUN_00490580
0x4905e0,Class_00490630::Class_00490630
0x490630,??_GClass_00490630@@UAEPAXI@Z
0x490650,Class_00490650::FUN_00490650
0x490690,Class_00490880::FUN_00490690
0x4907e0,Class_004907e0::Class_004907e0
0x490840,??_GClass_004907e0@@UAEPAXI@Z
0x490860,Class_004907e0::FUN_0044ef90
0x490880,Class_00490880::FUN_00490880
0x4908b0,Class_004908b0::FUN_004908b0
0x4908c0,Class_004908c0::FUN_004908c0
0x490940,Class_00490880::Class_00490880
0x4909a0,??_GClass_00490880@@UAEPAXI@Z
0x4909e0,Class_00490880::~Class_00490880
0x490a10,Class_00490a10::FUN_00490a10
0x490aa0,FUN_00490aa0
0x490ac0,FUN_00490ac0
0x490b00,FUN_00490b00
0x490b30,FUN_00490b30
0x490da0,FUN_00490da0
0x490df0,FUN_00490df0
0x490ee0,FUN_00490ee0
0x490f10,FUN_00490f10
0x490f40,FUN_00490f40
0x490f80,FUN_00490f80
0x491b60,FUN_00491b60
0x491c60,FUN_00491c60
0x491c80,FUN_00491c80
0x491d70,FUN_00491d70
0x491e10,FUN_00491e10
0x491ec0,FUN_00491ec0
0x492330,FUN_00492330
0x492de0,FUN_00492de0
0x493340,FUN_00493340
0x493390,FUN_00493390
0x494220,FUN_00494220
0x494290,FUN_00494290
0x494840,FUN_00494840
0x494890,FUN_00494890
0x4948b0,FUN_004948b0
0x494ff0,FUN_00494ff0
0x495200,FUN_00495200
0x495860,FUN_00495860
0x4958c0,FUN_004958c0
0x496b10,FUN_00496b10
0x496bb0,FUN_00496bb0
0x496db0,FUN_00496db0
0x496e10,FUN_00496e10
0x496e90,FUN_00496e90
0x497f40,FUN_00497f40
0x498cd0,FUN_00498cd0
0x498d00,FUN_00498d00
0x499880,FUN_00499880
0x499a30,FUN_00499a30
0x499a80,FUN_00499a80
0x499ba0,FUN_00499ba0
0x499c10,FUN_00499c10
0x499c70,FUN_00499c70
0x499cd0,FUN_00499cd0
0x499e50,FUN_00499e50
0x499eb0,FUN_00499eb0
0x49a0c0,FUN_0049a0c0
0x49a120,FUN_0049a120
0x49a850,FUN_0049a850
0x49abb0,FUN_0049abb0
0x49adf0,FUN_0049adf0
0x49af90,FUN_0049af90
0x49b000,FUN_0049b000
0x49b680,FUN_0049b680
0x49b6e0,FUN_0049b6e0
0x49c920,FUN_0049c920
0x49c980,FUN_0049c980
0x49c9c0,FUN_0049c9c0
0x49cde0,FUN_0049cde0
0x49d0c0,FUN_0049d0c0
0x49d120,FUN_0049d120
0x49d1e0,FUN_0049d1e0
0x49d580,FUN_0049d580
0x49d9c0,FUN_0049d9c0
0x49db70,FUN_0049db70
0x49dd60,FUN_0049dd60
0x49e010,FUN_0049e010
0x49e570,FUN_0049e570
0x49e5b0,FUN_0049e5b0
0x49e640,FUN_0049e640
0x49e6f0,FUN_0049e6f0
0x49e700,FUN_0049e700
0x49ed90,FUN_0049ed90
0x49f540,FUN_0049f540
0x49f580,FUN_0049f580
0x49f5a0,FUN_0049f5a0
0x49f610,FUN_0049f610
0x49f620,FUN_0049f620
0x49f640,FUN_0049f640
0x49f680,FUN_0049f680
0x49f6a0,FUN_0049f6a0
0x49f6c0,FUN_0049f6c0
0x49f8c0,FUN_0049f8c0
0x49f930,FUN_0049f930
0x49f9c0,FUN_0049f9c0
0x49fa50,FUN_0049fa50
0x49fa70,FUN_0049fa70
0x49fa90,FUN_0049fa90
0x49fab0,FUN_0049fab0
0x49fad0,FUN_0049fad0
0x49faf0,FUN_0049faf0
0x49fb10,FUN_0049fb10
0x49fb30,FUN_0049fb30
0x49fb50,FUN_0049fb50
0x49fba0,FUN_0049fba0
0x49fbf0,FUN_0049fbf0
0x49fc40,FUN_0049fc40
0x49fc50,FUN_0049fc50
0x49fcf0,FUN_0049fcf0
0x49fd10,FUN_0049fd10
0x49fd20,FUN_0049fd20
0x49fd60,FUN_0049fd60
0x49fdf0,FUN_0049fdf0
0x49fe60,FUN_0049fe60
0x49fed0,FUN_0049fed0
0x49ff10,FUN_0049ff10
0x49ff90,FUN_0049ff90
0x4a0010,FUN_004a0010
0x4a0180,FUN_004a0180
0x4a0200,FUN_004a0200
0x4a0280,FUN_004a0280
0x4a0300,FUN_004a0300
0x4a0340,FUN_004a0340
0x4a03f0,FUN_004a03f0
0x4a04f0,FUN_004a04f0
0x4a0570,FUN_004a0570
0x4a0880,FUN_004a0880
0x4a09c0,FUN_004a09c0
0x4a0bf0,FUN_004a0bf0
0x4a0c70,FUN_004a0c70
0x4a0d00,FUN_004a0d00
0x4a0f30,FUN_004a0f30
0x4a0f60,FUN_004a0f60
0x4a0ff0,FUN_004a0ff0
0x4a1030,FUN_004a1030
0x4a1080,FUN_004a1080
0x4a11c0,FUN_004a11c0
0x4a1200,FUN_004a1200
0x4a1250,FUN_004a1250
0x4a12e0,FUN_004a12e0
0x4a1450,FUN_004a1450
0x4a14c0,FUN_004a14c0
0x4a1530,FUN_004a1530
0x4a15c0,FUN_004a15c0
0x4a1630,FUN_004a1630
0x4a1680,FUN_004a1680
0x4a18c0,FUN_004a18c0
0x4a1920,FUN_004a1920
0x4a1950,FUN_004a1950
0x4a1970,FUN_004a1970
0x4a1990,FUN_004a1990
0x4a19f0,FUN_004a19f0
0x4a1a50,FUN_004a1a50
0x4a1ab0,FUN_004a1ab0
0x4a3eb0,FUN_004a3eb0
0x4a4620,FUN_004a4620
0x4a4660,FUN_004a4660
0x4a4890,FUN_004a4890
0x4a4930,FUN_004a4930
0x4a4d70,FUN_004a4d70
0x4a5010,FUN_004a5010
0x4a5030,FUN_004a5030
0x4a50b0,FUN_004a50b0
0x4a5d30,FUN_004a5d30
0x4a5d50,FUN_004a5d50
0x4a5f40,FUN_004a5f40
0x4a69d0,FUN_004a69d0
0x4a6a40,FUN_004a6a40
0x4a7560,FUN_004a7560
0x4a7830,FUN_004a7830
0x4a8150,FUN_004a8150
0x4a81b0,FUN_004a81b0
0x4a81e0,FUN_004a81e0
0x4a9660,FUN_004a9660
0x4a9fd0,FUN_004a9fd0
0x4aa850,FUN_004aa850
0x4aa8d0,FUN_004aa8d0
0x4aa8e0,FUN_004aa8e0
0x4aa8f0,FUN_004aa8f0
0x4aafe0,FUN_004aafe0
0x4ab040,FUN_004ab040
0x4ab060,FUN_004ab060
0x4ab0a0,FUN_004ab0a0
0x4ab0b0,FUN_004ab0b0
0x4ab170,FUN_004ab170
0x4ab190,FUN_004ab190
0x4ab290,FUN_004ab290
0x4ab2b0,FUN_004ab2b0
0x4ab3a0,FUN_004ab3a0
0x4ab400,FUN_004ab400
0x4ab440,FUN_004ab440
0x4ab4c0,FUN_004ab4c0
0x4ab4e0,FUN_004ab4e0
0x4ab510,FUN_004ab510
0x4ab570,FUN_004ab570
0x4ab5b0,FUN_004ab5b0
0x4ab690,FUN_004ab690
0x4ab6b0,FUN_004ab6b0
0x4ab6c0,FUN_004ab6c0
0x4abb20,FUN_004abb20
0x4abba0,FUN_004abba0
0x4abd00,FUN_004abd00
0x4abd20,FUN_004abd20
0x4abd90,FUN_004abd90
0x4ac080,FUN_004ac080
0x4ac0a0,FUN_004ac0a0
0x4ac130,FUN_004ac130
0x4ac300,FUN_004ac300
0x4ac710,FUN_004ac710
0x4ac8a0,FUN_004ac8a0
0x4acbe0,FUN_004acbe0
0x4acc70,FUN_004acc70
0x4accd0,FUN_004accd0
0x4acd00,FUN_004acd00
0x4acda0,FUN_004acda0
0x4acde0,FUN_004acde0
0x4ad980,FUN_004ad980
0x4ada10,FUN_004ada10
0x4add60,FUN_004add60
0x4addf0,FUN_004addf0
0x4adf10,FUN_004adf10
0x4ae300,FUN_004ae300
0x4ae380,FUN_004ae380
0x4ae410,FUN_004ae410
0x4ae4b0,FUN_004ae4b0
0x4ae550,FUN_004ae550
0x4ae610,FUN_004ae610
0x4aeda0,FUN_004aeda0
0x4aeee0,FUN_004aeee0
0x4aef80,FUN_004aef80
0x4af320,FUN_004af320
0x4afc60,FUN_004afc60
0x4afcf0,FUN_004afcf0
0x4afd20,FUN_004afd20
0x4afd40,FUN_004afd40
0x4afd60,FUN_004afd60
0x4afe90,FUN_004afe90
0x4afec0,FUN_004afec0
0x4b0090,FUN_004b0090
0x4b0160,FUN_004b0160
0x4b04b0,FUN_004b04b0
0x4b04e0,FUN_004b04e0
0x4b0510,FUN_004b0510
0x4b0590,FUN_004b0590
0x4b0610,Class_004b0610::Class_004b0610
0x4b0650,Class_004b0610::FUN_004b0650
0x4b0660,Class_004b0610::FUN_004b0660
0x4b0670,Class_004b0610::FUN_004b0670
0x4b0680,Class_004b0610::FUN_004b0680
0x4b0690,Class_004b0610::FUN_004b0690
0x4b06a0,Class_004b0610::FUN_004b06a0
0x4b06b0,??_GClass_004b0610@@UAEPAXI@Z
0x4b06f0,Class_004b0610::~Class_004b0610
0x4b07a0,Class_004b07a0::FUN_004b07a0
0x4b07b0,FUN_004b07b0
0x4b07c0,Class_004b07c0::FUN_004b07c0
0x4b0830,Class_004b0830::FUN_004b0830
0x4b08c0,Class_004b08c0::FUN_004b08c0
0x4b0a10,Class_004b0a10::FUN_004b0a10
0x4b0a70,Class_004b0a70::FUN_004b0a70
0x4b0b00,Class_004b0b00::FUN_004b0b00
0x4b0bc0,Class_004b0bc0::FUN_004b0bc0
0x4b0c40,Class_004b0c40::FUN_004b0c40
0x4b0d20,Class_004b0d20::FUN_004b0d20
0x4b0d60,Class_004b0d60::FUN_004b0d60
0x4b0da0,Class_004b0da0::FUN_004b0da0
0x4b1c00,Class_004b1c00::FUN_004b1c00
0x4b1e50,Class_004b0610::FUN_004b1e50
0x4b1e60,Class_004b0610::FUN_004b1e60
0x4b1e70,Class_004b0610::FUN_004b1e70
0x4b1e80,Class_004b0610::FUN_004b1e80
0x4b1e90,Class_004b0610::FUN_004b1e90
0x4b1ea0,Class_004b0610::FUN_004b1ea0
0x4b1eb0,Class_004b0610::FUN_004b1eb0
0x4b2840,Class_004b2840::FUN_004b2840
0x4b2fb0,Class_004b2fb0::FUN_004b2fb0
0x4b3000,Class_004b3000::FUN_004b3000
0x4b3310,Class_004b3310::FUN_004b3310
0x4b3370,FUN_004b3370
0x4b33b0,Class_004b33b0::FUN_004b33b0
0x4b3410,Class_004b3410::FUN_004b3410
0x4b3430,Class_004b3430::FUN_004b3430
0x4b3490,Class_004b3490::FUN_004b3490
0x4b34f0,Class_004b34f0::FUN_004b34f0
0x4b3590,Class_004b3590::FUN_004b3590
0x4b3620,Class_004b3620::FUN_004b3620
0x4b3630,Class_004b3630::FUN_004b3630
0x4b3750,Class_004b3750::FUN_004b3750
0x4b3770,Class_004b3770::FUN_004b3770
0x4b4560,Class_004b4560::FUN_004b4560
0x4b4630,Class_004b4630::FUN_004b4630
0x4b46c0,Class_004b46c0::FUN_004b46c0
0x4b4750,Class_004b4750::FUN_004b4750
0x4b4800,Class_004b4800::FUN_004b4800
0x4b4850,Class_004b4850::FUN_004b4850
0x4b48a0,Class_004b48a0::FUN_004b48a0
0x4b48f0,Class_004b48f0::FUN_004b48f0
0x4b4910,Class_004b48f0::FUN_004b4910
0x4b49d0,Class_004b49d0::FUN_004b49d0
0x4b4a80,Class_004b4a80::FUN_004b4a80
0x4b4b50,Class_004b4b50::FUN_004b4b50
0x4b4ba0,Class_004b4ba0::FUN_004b4ba0
0x4b4bf0,Class_004b4bf0::FUN_004b4bf0
0x4b4c10,Class_004b4c10::FUN_004b4c10
0x4b4c50,Class_004b4c50::FUN_004b4c50
0x4b4c80,Class_004b4c80::FUN_004b4c80
0x4b4cf0,Class_004b4cf0::FUN_004b4cf0
0x4b4f10,??2@YAPAXI@Z
0x4b4f20,??3@YAXPAX@Z
0x4b4f30,FUN_004b4f30
0x4b4f40,FUN_004b4f40
0x4b4f50,FUN_004b4f50
0x4b4fd0,FUN_004b4fd0
0x4b4ff0,FUN_004b4ff0
0x4b52e0,FUN_004b52e0
0x4b5330,FUN_004b5330
0x4b5510,FUN_004b5510
0x4b5910,FUN_004b5910
0x4b5940,FUN_004b5940
0x4b6220,FUN_004b6220
0x4b6230,FUN_004b6230
0x4b6290,FUN_004b6290
0x4b62c0,FUN_004b62c0
0x4b62d0,FUN_004b62d0
0x4b6330,FUN_004b6330
0x4b6340,FUN_004b6340
0x4b6370,FUN_004b6370
0x4b63f0,FUN_004b63f0
0x4b64d0,FUN_004b64d0
0x4b6510,FUN_004b6510
0x4b6560,FUN_004b6560
0x4b66a0,FUN_004b66a0
0x4b6700,FUN_004b6700
0x4b6710,FUN_004b6710
0x4b6720,FUN_004b6720
0x4b6750,FUN_004b6750
0x4b67d0,FUN_004b67d0
0x4b6820,FUN_004b6820
0x4b6840,FUN_004b6840
0x4b6860,FUN_004b6860
0x4b6880,FUN_004b6880
0x4b69b0,FUN_004b69b0
0x4b69d0,FUN_004b69d0
0x4b6a00,FUN_004b6a00
0x4b6a20,FUN_004b6a20
0x4b6a50,FUN_004b6a50
0x4b6a80,FUN_004b6a80
0x4b6af0,FUN_004b6af0
0x4b6b20,FUN_004b6b20
0x4b6b50,FUN_004b6b50
0x4b6b60,FUN_004b6b60
0x4b6b80,FUN_004b6b80
0x4b6ba0,FUN_004b6ba0
0x4b6c30,FUN_004b6c30
0x4b6ca0,FUN_004b6ca0
0x4b6cc0,FUN_004b6cc0
0x4b6d50,FUN_004b6d50
0x4b6da0,FUN_004b6da0
0x4b6df0,FUN_004b6df0
0x4b6e40,FUN_004b6e40
0x4b6e80,FUN_004b6e80
0x4b6eb0,FUN_004b6eb0
0x4b6f00,FUN_004b6f00
0x4b6f70,FUN_004b6f70
0x4b6ff0,FUN_004b6ff0
0x4b7070,FUN_004b7070
0x4b70ef,FUN_004b70ef
0x4b7123,FUN_004b7123
0x4b715a,FUN_004b715a
0x4b7173,FUN_004b7173
0x4b73b0,Class_004b73b0::FUN_004b73b0
0x4b73c0,Class_004b73c0::FUN_004b73c0
0x4b73e0,Class_004b73e0::FUN_004b73e0
0x4b7410,Class_004b7410::FUN_004b7410
0x4b7440,Class_004b7440::FUN_004b7440
0x4b74f0,Class_004b74f0::FUN_004b74f0
0x4b7540,Class_004b7540::FUN_004b7540
0x4b7590,FUN_004b7590
0x4b7620,FUN_004b7620
0x4b7760,FUN_004b7760
0x4b78e0,FUN_004b78e0
0x4b7900,FUN_004b7900
0x4b7a10,FUN_004b7a10
0x4b7a30,FUN_004b7a30
0x4b7ac0,FUN_004b7ac0
0x4b7ad0,FUN_004b7ad0
0x4b7e00,Class_004b7e00::FUN_004b7e00
0x4b7e30,Class_004b7e30::Class_004b7e30
0x4b7e60,FUN_004b7e60
0x4b7ee0,FUN_004b7ee0
0x4b7f00,FUN_004b7f00
0x4b7f30,FUN_004b7f30
0x4b7f60,FUN_004b7f60
0x4b7f70,FUN_004b7f70
0x4b7f90,FUN_004b7f90
0x4b8500,FUN_004b8500
0x4b8a80,FUN_004b8a80
0x4b8ae0,FUN_004b8ae0
0x4b8b30,FUN_004b8b30
0x4b8b90,FUN_004b8b90
0x4b8bf0,FUN_004b8bf0
0x4b8c60,FUN_004b8c60
0x4b8d40,FUN_004b8d40
0x4b8da0,FUN_004b8da0
0x4b8e00,FUN_004b8e00
0x4b8e50,FUN_004b8e50
0x4b96a0,FUN_004b96a0
0x4b96e0,FUN_004b96e0
0x4b9e60,FUN_004b9e60
0x4b9ed0,FUN_004b9ed0
0x4ba000,FUN_004ba000
0x4ba1b0,FUN_004ba1b0
0x4ba200,FUN_004ba200
0x4ba590,FUN_004ba590
0x4ba5c0,FUN_004ba5c0
0x4ba5f0,FUN_004ba5f0
0x4ba610,FUN_004ba610
0x4ba640,FUN_004ba640
0x4ba660,FUN_004ba660
0x4ba690,FUN_004ba690
0x4ba6b0,FUN_004ba6b0
0x4ba6e0,FUN_004ba6e0
0x4ba700,FUN_004ba700
0x4ba730,FUN_004ba730
0x4ba750,FUN_004ba750
0x4ba880,FUN_004ba880
0x4baad0,FUN_004baad0
0x4bab00,FUN_004bab00
0x4bab30,FUN_004bab30
0x4bab60,FUN_004bab60
0x4bab90,FUN_004bab90
0x4baba0,FUN_004baba0
0x4babd0,FUN_004babd0
0x4bad30,FUN_004bad30
0x4badf0,FUN_004badf0
0x4baf30,FUN_004baf30
0x4baff0,FUN_004baff0
0x4bb0a0,FUN_004bb0a0
0x4bb0f0,FUN_004bb0f0
0x4bb120,FUN_004bb120
0x4bb150,FUN_004bb150
0x4bb190,FUN_004bb190
0x4bb200,FUN_004bb200
0x4bb260,FUN_004bb260
0x4bb2c0,FUN_004bb2c0
0x4bb2e0,FUN_004bb2e0
0x4bb5b0,FUN_004bb5b0
0x4bb5d0,FUN_004bb5d0
0x4bb650,FUN_004bb650
0x4bb670,Class_004bb670::FUN_004bb670
0x4bb6a0,FUN_004bb6a0
0x4bb710,FUN_004bb710
0x4bb7a0,FUN_004bb7a0
0x4bb7c0,FUN_004bb7c0
0x4bbbe0,FUN_004bbbe0
0x4bbc10,FUN_004bbc10
0x4bbc30,FUN_004bbc30
0x4bbc40,FUN_004bbc40
0x4bbd00,FUN_004bbd00
0x4bbd30,FUN_004bbd30
0x4bbe50,FUN_004bbe50
0x4bc290,FUN_004bc290
0x4bc2e0,FUN_004bc2e0
0x4bc300,FUN_004bc300
0x4bc320,FUN_004bc320
0x4bc360,FUN_004bc360
0x4bc8d0,FUN_004bc8d0
0x4bc930,FUN_004bc930
0x4bce10,FUN_004bce10
0x4bce60,FUN_004bce60
0x4bcea0,FUN_004bcea0
0x4bcec0,FUN_004bcec0
0x4bcee0,FUN_004bcee0
0x4bcf00,FUN_004bcf00
0x4bd150,FUN_004bd150
0x4be070,FUN_004be070
0x4be320,FUN_004be320
0x4be3b0,FUN_004be3b0
0x4be400,FUN_004be400
0x4be950,FUN_004be950
0x4befe0,FUN_004befe0
0x4bf4d0,FUN_004bf4d0
0x4bf6f0,FUN_004bf6f0
0x4bf8c0,FUN_004bf8c0
0x4bfe10,FUN_004bfe10
0x4c0310,FUN_004c0310
0x4c0330,FUN_004c0330
0x4c07b0,FUN_004c07b0
0x4c1320,FUN_004c1320
0x4c13a0,FUN_004c13a0
0x4c13d0,FUN_004c13d0
0x4c13f0,FUN_004c13f0
0x4c1400,FUN_004c1400
0x4c1410,FUN_004c1410
0x4c1420,FUN_004c1420
0x4c1440,FUN_004c1440
0x4c1450,FUN_004c1450
0x4c1470,FUN_004c1470
0x4c1480,FUN_004c1480
0x4c1a40,FUN_004c1a40
0x4c1a60,FUN_004c1a60
0x4c1aa0,FUN_004c1aa0
0x4c1ab0,FUN_004c1ab0
0x4c1b00,FUN_004c1b00
0x4c1b20,FUN_004c1b20
0x4c22a0,FUN_004c22a0
0x4c22d0,FUN_004c22d0
0x4c22f0,FUN_004c22f0
0x4c2310,FUN_004c2310
0x4c2340,FUN_004c2340
0x4c2360,FUN_004c2360
0x4c2380,FUN_004c2380
0x4c23e0,FUN_004c23e0
0x4c2470,FUN_004c2470
0x4c2870,FUN_004c2870
0x4c2990,FUN_004c2990
0x4c2a80,FUN_004c2a80
0x4c2ac0,FUN_004c2ac0
0x4c2b20,FUN_004c2b20
0x4c2ba0,FUN_004c2ba0
0x4c2bb0,FUN_004c2bb0
0x4c2cc0,FUN_004c2cc0
0x4c2d60,FUN_004c2d60
0x4c2de0,FUN_004c2de0
0x4c2e30,FUN_004c2e30
0x4c2ea0,Class_004c2ea0::Class_004c2ea0
0x4c2eb0,Class_004c2ea0::~Class_004c2ea0
0x4c33a0,Class_004c33a0::FUN_004c33a0
0x4c3410,Class_004c3410::FUN_004c3410
0x4c3730,std::logic_error::what
0x4c38f0,??_Glogic_error@std@@UAEPAXI@Z
0x4c3c60,??_Gout_of_range@std@@UAEPAXI@Z
0x4c3e10,Class_004c3e10::FUN_004c3e10
0x4c3e20,Class_004c3e20::FUN_004c3e20
0x4c3e30,Class_004c3e30::FUN_004c3e30
0x4c43f0,Class_004c43f0::FUN_004c43f0
0x4c4420,Class_004c4420::FUN_004c4420
0x4c4440,Class_004c4440::FUN_004c4440
0x4c4450,Class_004c4450::FUN_004c4450
0x4c4470,Class_004c4470::FUN_004c4470
0x4c45c0,Class_004c45c0::FUN_004c45c0
0x4c45e0,Class_004c45e0::FUN_004c45e0
0x4c4630,Class_004c4630::FUN_004c4630
0x4c46c0,Class_004c46c0::FUN_004c46c0
0x4c4760,Class_004c4760::FUN_004c4760
0x4c48c0,Class_004c48c0::FUN_004c48c0
0x4c5170,FUN_004c5170
0x4c5190,Elem_004c5bc0::~Elem_004c5bc0
0x4c51b0,??_GElem_004c5bc0@@QAEPAXI@Z
0x4c5470,Class_004c5470::FUN_004c5470
0x4c54a0,Class_004c54a0::Class_004c54a0
0x4c54d0,Class_004c54d0::Class_004c54d0
0x4c5740,FUN_004c5740
0x4c5840,FUN_004c5840
0x4c5b70,UElem_004c5bc0::?$vector::_Destroy
0x4c5ba0,Class_004c5ba0::FUN_004c5ba0
0x4c5bc0,UElem_004c5bc0::?$vector::_Ucopy
0x4c5c20,UElem_004c5bc0::?$vector::_Ufill
0x4c5cd0,FUN_004c5cd0
0x4c5d10,FUN_004c5d10
0x4c5d60,FUN_004c5d60
0x4c5d90,FUN_004c5d90
0x4c5dc0,FUN_004c5dc0
0x4c5de0,FUN_004c5de0
0x4c5df0,FUN_004c5df0
0x4c5e70,FUN_004c5e70
0x4c5fa0,FUN_004c5fa0
0x4c5ff0,FUN_004c5ff0
0x4c60d0,FUN_004c60d0
0x4c61b0,FUN_004c61b0
0x4c61f0,FUN_004c61f0
0x4c62c0,FUN_004c62c0
0x4c63a0,FUN_004c63a0
0x4c6890,FUN_004c6890
0x4c69a0,FUN_004c69a0
0x4c69c0,FUN_004c69c0
0x4c69f0,FUN_004c69f0
0x4c6a60,FUN_004c6a60
0x4c6ac0,FUN_004c6ac0
0x4c6ae0,Class_004c6ae0::FUN_004c6ae0
0x4c6b10,Class_004c6b10::FUN_004c6b10
0x4c6b40,FUN_004c6b40
0x4c6b60,FUN_004c6b60
0x4c6b70,FUN_004c6b70
0x4c6d20,FUN_004c6d20
0x4c6e70,FUN_004c6e70
0x4c7080,FUN_004c7080
0x4c9180,Class_004c9180::Class_004c9180
0x4c91a0,Class_004c91a0::Class_004c91a0
0x4c91b0,Class_004c91b0::Class_004c91b0
0x4c9230,Class_004c9230::Class_004c9230
0x4c9290,Class_004c9290::FUN_004c9290
0x4c9310,Class_004c9310::FUN_004c9310
0x4c9390,Class_004c9390::FUN_004c9390
0x4c93b0,Class_004c93b0::FUN_004c93b0
0x4c93f0,Class_004c93f0::FUN_004c93f0
0x4c9530,FUN_004c9530
0x4c9740,FUN_004c9740
0x4c9750,FUN_004c9750
0x4c9790,FUN_004c9790
0x4c9800,FUN_004c9800
0x4c9840,FUN_004c9840
0x4c9890,FUN_004c9890
0x4c9920,FUN_004c9920
0x4c9a70,FUN_004c9a70
0x4c9b70,FUN_004c9b70
0x4c9c20,FUN_004c9c20
0x4c9d10,FUN_004c9d10
0x4c9d30,FUN_004c9d30
0x4c9d80,FUN_004c9d80
0x4c9dd0,FUN_004c9dd0
0x4c9f90,FUN_004c9f90
0x4ca100,FUN_004ca100
0x4ca250,FUN_004ca250
0x4ca330,FUN_004ca330
0x4ca400,FUN_004ca400
0x4ca450,FUN_004ca450
0x4ca590,FUN_004ca590
0x4ca5d0,FUN_004ca5d0
0x4ca6a0,FUN_004ca6a0
0x4ca780,FUN_004ca780
0x4ca7c0,FUN_004ca7c0
0x4ca800,FUN_004ca800
0x4ca840,FUN_004ca840
0x4ca880,FUN_004ca880
0x4ca8c0,FUN_004ca8c0
0x4ca900,FUN_004ca900
0x4ca940,FUN_004ca940
0x4ca990,FUN_004ca990
0x4ca9d0,FUN_004ca9d0
0x4ca9e0,FUN_004ca9e0
0x4ca9f0,FUN_004ca9f0
0x4caa00,FUN_004caa00
0x4caa10,FUN_004caa10
0x4caa20,FUN_004caa20
0x4cac40,FUN_004cac40
0x4caec0,FUN_004caec0
0x4caf30,FUN_004caf30
0x4cb2f0,FUN_004cb2f0
0x4cb330,FUN_004cb330
0x4cb370,FUN_004cb370
0x4cb4c0,FUN_004cb4c0
0x4cb560,FUN_004cb560
0x4cb590,FUN_004cb590
0x4cb5f0,FUN_004cb5f0
0x4cb650,FUN_004cb650
0x4cb6a0,FUN_004cb6a0
0x4cb7c0,Class_004cb7c0::FUN_004cb7c0
0x4cb7d0,Class_004cb7d0::FUN_004cb7d0
0x4cb940,Class_004cb940::FUN_004cb940
0x4cbb70,FUN_004cbb70
0x4cbbe0,FUN_004cbbe0
0x4cbdd1,FUN_004cbdd1
0x4cbef1,FUN_004cbef1
0x4cd9b0,FUN_004cd9b0
0x4cd9c0,Class_004cd9c0::FUN_004cd9c0
0x4cd9d0,Class_004cd9d0::FUN_004cd9d0
0x4cda00,Class_004cda00::FUN_004cda00
0x4cdb40,Class_004cdb40::FUN_004cdb40
0x4ce020,Class_004ce020::FUN_004ce020
0x4ce190,Class_004ce190::FUN_004ce190
0x4ce1d0,Class_004ce1d0::FUN_004ce1d0
0x4ce1e0,FUN_004ce1e0
0x4ce3e0,Class_004ce3e0::FUN_004ce3e0
0x4ce410,Class_004ce410::FUN_004ce410
0x4ce450,Class_004ce450::FUN_004ce450
0x4ce580,Class_004ce580::FUN_004ce580
0x4ce5a0,Class_004ce5a0::FUN_004ce5a0
0x4ce5b0,FUN_004ce5b0
0x4ce5e0,FUN_004ce5e0
0x4ce680,Class_004ce680::FUN_004ce680
0x4ce690,Class_004ce690::FUN_004ce690
0x4ce7a0,Class_004ce7a0::FUN_004ce7a0
0x4ce7c0,Class_004ce7c0::FUN_004ce7c0
0x4ce7e0,Class_004ce7e0::FUN_004ce7e0
0x4ce7f0,Class_004ce7f0::FUN_004ce7f0
0x4ce800,Class_004ce800::FUN_004ce800
0x4ce880,FUN_004ce880
0x4ce8c0,Class_004ce8c0::FUN_004ce8c0
0x4ceb60,Class_004ceb60::FUN_004ceb60
0x4ced40,Class_004ced40::FUN_004ced40
0x4cedc0,Class_004cedc0::FUN_004cedc0
0x4cee40,FUN_004cee40
0x4cee50,Class_004cee50::Class_004cee50
0x4cf0b0,Class_004cf0b0::FUN_004cf0b0
0x4cf150,Class_004cf150::FUN_004cf150
0x4cf180,Class_004cf180::FUN_004cf180
0x4cf210,Class_004cf210::FUN_004cf210
0x4cf220,Class_004cf220::FUN_004cf220
0x4cf370,Class_004cf370::FUN_004cf370
0x4cf4d0,Class_004cf4d0::FUN_004cf4d0
0x4cf540,Class_004cf540::FUN_004cf540
0x4cf570,Class_004cf570::FUN_004cf570
0x4cf8a0,Class_004cf8a0::FUN_004cf8a0
0x4cfb40,Class_004cfb40::FUN_004cfb40
0x4cfba0,Class_004cfba0::FUN_004cfba0
0x4cfbc0,Class_004cfbc0::FUN_004cfbc0
0x4cfe40,Class_004cfe40::FUN_004cfe40
0x4cfe80,Class_004cfe80::FUN_004cfe80
0x4cfe90,Class_004cfe90::FUN_004cfe90
0x4cfea0,Class_004cfea0::FUN_004cfea0
0x4cfeb0,Class_004cfeb0::FUN_004cfeb0
0x4cfed0,FUN_004cfed0
0x4cfee0,FUN_004cfee0
0x4cfef0,FUN_004cfef0
0x4cff00,FUN_004cff00
0x4cff10,FUN_004cff10
0x4cff20,Class_004cff20::FUN_004cff20
0x4cff30,Class_004cff30::FUN_004cff30
0x4cfff0,Class_004cfff0::FUN_004cfff0
0x4d0040,Class_004d0040::FUN_004d0040
0x4d0070,Class_004d0070::FUN_004d0070
0x4d00d0,Class_004d00d0::FUN_004d00d0
0x4d0130,Class_004d0130::FUN_004d0130
0x4d02a0,Class_004d02a0::FUN_004d02a0
0x4d0620,Class_004d0620::FUN_004d0620
0x4d0640,Class_004d0640::FUN_004d0640
0x4d0660,Class_004d0660::FUN_004d0660
0x4d0680,FUN_004d0680
0x4d06c0,Class_004d06c0::FUN_004d06c0
0x4d09e0,FUN_004d09e0
0x4d0a10,FUN_004d0a10
0x4d0a70,FUN_004d0a70
0x4d0a90,FUN_004d0a90
0x4d0ab0,FUN_004d0ab0
0x4d0ae0,FUN_004d0ae0
0x4d0b10,FUN_004d0b10
0x4d0b80,FUN_004d0b80
0x4d0c10,FUN_004d0c10
0x4d1800,FUN_004d1800
0x4d1810,FUN_004d1810
0x4d1aa0,FUN_004d1aa0
0x4d1b00,FUN_004d1b00
0x4d1b40,FUN_004d1b40
0x4d1b70,FUN_004d1b70
0x4d1ba0,FUN_004d1ba0
0x4d1bd0,FUN_004d1bd0
0x4d1c00,FUN_004d1c00
0x4d1c60,FUN_004d1c60
0x4d80b0,FUN_004d80b0
0x4d80d0,FUN_004d80d0
0x4d8130,FUN_004d8130
0x4d8140,FUN_004d8140
0x4d8190,FUN_004d8190
0x4d81a0,FUN_004d81a0
0x4d8200,FUN_004d8200
0x4d8250,FUN_004d8250
0x4d8260,FUN_004d8260
0x4d82b0,FUN_004d82b0
0x4d82c0,FUN_004d82c0
0x4d8360,FUN_004d8360
0x4d8390,FUN_004d8390
0x4d83a0,FUN_004d83a0
0x4d83b0,FUN_004d83b0
0x4d83c0,FUN_004d83c0
0x4d8450,FUN_004d8450
0x4d8460,FUN_004d8460
0x4d84a0,FUN_004d84a0
0x4d84c0,FUN_004d84c0
0x4d8580,FUN_004d8580
0x4d85a0,FUN_004d85a0
0x4d85b0,FUN_004d85b0
0x4d8610,FUN_004d8610
0x4d8660,FUN_004d8660
0x4d8670,FUN_004d8670
0x4d8680,FUN_004d8680
0x4d8690,FUN_004d8690
0x4d86b0,FUN_004d86b0
0x4d86f0,FUN_004d86f0
0x4d8710,FUN_004d8710
0x4d8720,FUN_004d8720
0x4d8780,FUN_004d8780
0x4d8790,FUN_004d8790
0x4d87f0,Class_004d87f0::Class_004d87f0
0x4d8820,Class_004d8820::Class_004d8820
0x4d8850,Class_004d8850::FUN_004d8850
0x4d8870,Class_004d8870::Class_004d8870
0x4d88d0,Class_004d88d0::Class_004d88d0
0x4d8b30,Class_004d8b30::FUN_004d8b30
0x4d8b60,Class_004d8b60::FUN_004d8b60
0x4d8bd0,Class_004d8bd0::Class_004d8bd0
0x4d8c00,Class_004d8c00::Class_004d8c00
0x4d8c50,Class_004d8d40::FUN_004d8c50
0x4d8d40,Class_004d8d40::FUN_004d8d40
0x4d8d70,FUN_004d8d70
0x4d8df0,FUN_004d8df0
0x4d8e20,FUN_004d8e20
0x4d8e50,FUN_004d8e50
0x4d8e60,FUN_004d8e60
0x4d9c60,Class_004d9c60::FUN_004d9c60
0x4d9f30,FUN_004d9f30
0x4d9f50,FUN_004d9f50
0x4d9f60,FUN_004d9f60
0x4d9fe0,Class_004d9fe0::Class_004d9fe0
0x4da040,Class_004da040::Class_004da040
0x4da0b0,FUN_004da0b0
0x4da0c0,FUN_004da0c0
0x4da0e0,FUN_004da0e0
0x4da2a0,FUN_004da2a0
0x4da480,FUN_004da480
0x4da4f0,FUN_004da4f0
0x4da540,FUN_004da540
0x4da590,FUN_004da590
0x4da780,FUN_004da780
0x4da7c0,FUN_004da7c0
0x4da7d0,FUN_004da7d0
0x4da840,FUN_004da840
0x4da860,FUN_004da860
0x4da8a0,FUN_004da8a0
0x4da8c0,FUN_004da8c0
0x4da9f0,FUN_004da9f0
0x4dacf0,FUN_004dacf0
0x4db7b0,FUN_004db7b0
0x4db7c0,FUN_004db7c0
0x4db7d0,FUN_004db7d0
0x4dba40,FUN_004dba40
0x4dbae0,FUN_004dbae0
0x4dbb90,FUN_004dbb90
0x4dbd00,Class_004dbd00::FUN_004dbd00
0x4dbd80,Class_004dbe10::FUN_004dbd80
0x4dbe10,Class_004dbe10::FUN_004dbe10
0x4dbeb0,Class_004dbeb0::FUN_004dbeb0
0x4dc130,Class_004dc130::FUN_004dc130
0x4dce00,Class_004dce00::FUN_004dce00
0x4dd150,Class_004dd150::FUN_004dd150
0x4dd1b0,FUN_004dd1b0
0x4dd1f0,Class_004dd1f0::FUN_004dd1f0
0x4dd250,Class_004dd250::FUN_004dd250
0x4dd340,Class_004dd340::FUN_004dd340
0x4dd710,Class_004dd710::FUN_004dd710
0x4dd770,Class_004dd770::FUN_004dd770
0x4dd7d0,Class_004dd7d0::FUN_004dd7d0
0x4ddbe0,Class_004ddbe0::FUN_004ddbe0
0x4ddc00,Class_004ddc00::FUN_004ddc00
0x4ddc90,Class_004ddc90::FUN_004ddc90
0x4ddce0,Class_004ddce0::FUN_004ddce0
0x4ddd70,Class_004ddd70::FUN_004ddd70
0x4dddf0,Class_004dddf0::FUN_004dddf0
0x4dde70,Class_004dde70::FUN_004dde70
0x4ddfa0,Class_004ddfa0::FUN_004ddfa0
0x4ddfe0,Class_004ddfe0::FUN_004ddfe0
0x4de020,Class_004de020::FUN_004de020
0x4de0f0,FUN_004de0f0
0x4de100,FUN_004de100
0x4de110,FUN_004de110
0x4de180,FUN_004de180
0x4de4c0,FUN_004de4c0
0x4de4d0,FUN_004de4d0
0x4de540,FUN_004de540
0x4de600,FUN_004de600
0x4de700,FUN_004de700
0x4de810,FUN_004de810
0x4df160,FUN_004df160
0x4df1d0,FUN_004df1d0
0x4df1e0,Class_004df1e0::Class_004df1e0
0x4df250,Class_004df250::FUN_004df250
0x4df280,Class_004df280::FUN_004df280
0x4df330,FUN_004df330
0x4df590,Class_004df590::FUN_004df590
0x4dfd00,FUN_004dfd00
0x4dfd10,FUN_004dfd10
0x4dfe80,FUN_004dfe80
0x4dfea0,Class_004dfea0::FUN_004dfea0
0x4e03f0,Class_004e03f0::FUN_004e03f0
0x4e0450,Class_004e0450::FUN_004e0450
0x4e04e0,FUN_004e04e0
0x4e0520,Class_004e0520::FUN_004e0520
0x4e0570,Class_004e0570::Class_004e0570
0x4e05c0,Class_004e05c0::FUN_004e05c0
0x4e05f0,Class_004e05f0::FUN_004e05f0
0x4e06a0,FUN_004e06a0
0x4e06f0,FUN_004e06f0
0x4e0730,FUN_004e0730
0x4e0740,FUN_004e0740
0x4e0790,FUN_004e0790
0x4e0b90,Class_004e0b90::FUN_004e0b90
0x4e1400,FUN_004e1400
0x4e1410,FUN_004e1410
0x4e1450,FUN_004e1450
0x4e1460,FUN_004e1460
0x4e1560,Class_004e1560::Class_004e1560
0x4e1590,Class_004e1590::FUN_004e1590
0x4e1650,Class_004e1650::FUN_004e1650
0x4e1680,FUN_004e1680
0x4e1700,FUN_004e1700
0x4e1730,FUN_004e1730
0x4e17c0,Class_004e17c0::FUN_004e17c0
0x4e1990,Class_004e1990::FUN_004e1990
0x4e1a30,Class_004e1a30::FUN_004e1a30
0x4e1a80,FUN_004e1a80
0x4e1a90,FUN_004e1a90
0x4e1ac0,FUN_004e1ac0
0x4e1b00,FUN_004e1b00
0x4e1be0,FUN_004e1be0
0x4e1d20,Class_004e1d20::Class_004e1d20
0x4e1d60,Class_004e1d60::FUN_004e1d60
0x4e1de0,Class_004e1d20::~Class_004e1d20
0x4e1e30,Class_004e1e30::FUN_004e1e30
0x4e1e50,Class_004e1e50::FUN_004e1e50
0x4e20a0,Class_004e20a0::FUN_004e20a0
0x4e2150,Class_004e2150::FUN_004e2150
0x4e2160,Class_004e2160::FUN_004e2160
0x4e2180,Class_004e2180::FUN_004e2180
0x4e21a0,Class_004e21a0::FUN_004e21a0
0x4e21c0,Class_004e21c0::FUN_004e21c0
0x4e21f0,Class_004e21f0::FUN_004e21f0
0x4e2240,Class_004e2240::FUN_004e2240
0x4e2250,Class_004e2250::FUN_004e2250
0x4e2580,Class_004e2580::FUN_004e2580
0x4e2950,Class_004e2950::FUN_004e2950
0x4e29b0,Class_004e29b0::FUN_004e29b0
0x4e2a10,Class_004e2a10::FUN_004e2a10
0x4e2a30,Class_004e2a30::FUN_004e2a30
0x4e2b60,Class_004e2b60::FUN_004e2b60
0x4e2be0,Class_004e2be0::Class_004e2be0
0x4e2cb0,Class_004e2be0::~Class_004e2be0
0x4e2cc0,Class_004e2cc0::FUN_004e2cc0
0x4e2ce0,Class_004e2ce0::FUN_004e2ce0
0x4e2d00,Class_004e2d00::FUN_004e2d00
0x4e2d70,Class_004e2d70::FUN_004e2d70
0x4e2d90,Class_004e2d90::FUN_004e2d90
0x4e2e00,Class_004e2e00::FUN_004e2e00
0x4e2e20,Class_004e2e20::FUN_004e2e20
0x4e2e60,Class_004e2e60::FUN_004e2e60
0x4e2ea0,Class_004e2ea0::FUN_004e2ea0
0x4e2ee0,Class_004e2ee0::FUN_004e2ee0
0x4e2f30,Class_004e2f30::FUN_004e2f30
0x4e2f90,Class_004e2f90::FUN_004e2f90
0x4e2fe0,Class_004e2fe0::FUN_004e2fe0
0x4e3030,Class_004e3030::FUN_004e3030
0x4e3080,FUN_004e3080
0x4e33d0,FUN_004e33d0
0x4e35b0,FUN_004e35b0
0x4e3710,FUN_004e3710
0x4e38e0,FUN_004e38e0
0x4e3930,FUN_004e3930
0x4e39a0,FUN_004e39a0
0x4e39b0,std::_Lockit::_Lockit
0x4e3a70,std::_Lockit::~_Lockit
0x4e3e10,FUN_004e3e10
0x4e41e0,FUN_004e41e0
0x4e41f0,FUN_004e41f0
0x4e4200,FUN_004e4200
0x4e4210,FUN_004e4210
0x4e4220,FUN_004e4220
0x4e4230,FUN_004e4230
0x4e4240,FUN_004e4240
0x4e4250,FUN_004e4250
0x4e4260,FUN_004e4260
0x4e4270,FUN_004e4270
0x4e4280,FUN_004e4280
0x4e4290,FUN_004e4290
0x4e42a0,FUN_004e42a0
0x4e42b0,sprintf
0x4e4320,_fpmath
0x4e4350,_cfltcvt_init
0x4e43a0,_ftol
0x4e43d0,_allshr
0x4e4400,_allmul
0x4e4440,_alldiv
0x4e4510,fprintf
0x4e4560,atof
0x4e45d0,_cinit
0x4e4600,exit
0x4e4620,_exit
0x4e4640,_cexit
0x4e4650,_c_exit
0x4e4660,doexit
0x4e4720,_lockexit
0x4e4740,_initterm
0x4e4760,strncpy
0x4e4860,srand
0x4e4870,rand
0x4e48a0,fclose
0x4e48e0,_fclose_lk
0x4e4950,_fsopen
0x4e4990,fopen
0x4e49b0,strstr
0x4e4a30,_onexit
0x4e4ac0,atexit
0x4e4ae0,__onexitinit
0x4e4b20,_alloca_probe
0x4e4b50,strncmp
0x4e4b90,_snprintf
0x4e4c00,isalpha
0x4e4c30,isupper
0x4e4c60,islower
0x4e4c90,isdigit
0x4e4cc0,isxdigit
0x4e4cf0,isspace
0x4e4d20,ispunct
0x4e4d50,isalnum
0x4e4d80,isprint
0x4e4db0,isgraph
0x4e4de0,iscntrl
0x4e4e10,__isascii
0x4e4e20,__toascii
0x4e4e30,__iscsymf
0x4e4e80,__iscsym
0x4e4ed0,atol
0x4e4f70,atoi
0x4e4f80,_atoi64
0x4e5050,floor
0x4e5150,strncat
0x4e5280,strtok
0x4e5370,_CIpow
0x4e56a0,__CxxLongjmpUnwind
0x4e56c0,_CallCatchBlock2
0x4e58b0,_GetRangeOfTrysToCheck
0x4e5930,_global_unwind2
0x4e5a20,_tolower
0x4e5a30,tolower
0x4e5ac0,_tolower_lk
0x4e5bc0,fread
0x4e5c00,_fread_lk
0x4e5d40,fwrite
0x4e5d80,_fwrite_lk
0x4e5ed0,qsort
0x4e6080,shortsort
0x4e60e0,swap
0x4e6110,_purecall
0x4e6120,_beginthreadex
0x4e61a0,_threadstartex
0x4e6250,_endthreadex
0x4e6290,localtime
0x4e6480,time
0x4e65c0,strchr
0x4e6680,sscanf
0x4e66d0,strcspn
0x4e68c0,signal
0x4e6af0,ctrlevent_capture
0x4e6b80,raise
0x4e6d90,siglookup
0x4e6dd0,__fpecode
0x4e6de0,__pxcptinfoptrs
0x4e6df0,strrchr
0x4e6e20,_splitpath
0x4e6fa0,WinMainCRTStartup
0x4e7150,_amsg_exit
0x4e7180,fast_error_exit
0x4e71b0,_toupper
0x4e71c0,toupper
0x4e7250,_toupper_lk
0x4e7350,ftell
0x4e7380,_ftell_lk
0x4e7530,fseek
0x4e7570,_fseek_lk
0x4e7610,_chsize
0x4e7680,_chsize_lk
0x4e77d0,_beginthread
0x4e7850,_threadstart
0x4e7900,_endthread
0x4e7950,rename
0x4e7990,_rmdir
0x4e79d0,_filelength
0x4e7a80,_getdrive
0x4e7ad0,_chdrive
0x4e7b50,_getcwd
0x4e7b80,_getdcwd
0x4e7bc0,_getdcwd_lk
0x4e7cf0,_validdrive
0x4e7d30,_chdir
0x4e7dd0,_findfirst
0x4e7f00,_findnext
0x4e8020,_findclose
0x4e8050,__timet_from_ft
0x4e80e0,_mkdir
0x4e8110,rewind
0x4e8190,exception::exception
0x4e82a0,??4exception@@QAEAAV0@ABV0@@Z
0x4e82c0,exception::~exception
0x4e82e0,exception::what
0x4e82f0,type_info::~type_info
0x4e8340,??8type_info@@QBEHABV0@@Z
0x4e83a0,??9type_info@@QBEHABV0@@Z
0x4e8400,type_info::before
0x4e8460,type_info::raw_name
0x4e8470,type_info::type_info
0x4e8480,??4type_info@@AAEAAV0@ABV0@@Z
0x4e8490,_CxxThrowException
0x4e84e0,memcpy
0x4e8820,free
0x4e8890,malloc
0x4e88b0,_nh_malloc
0x4e8900,_heap_alloc
0x4e8960,_strlwr
0x4e8ae0,_strupr
0x4e8c60,_statusfp
0x4e8ce0,_controlfp
0x4e8d00,_fpreset
0x4e8d30,_abstract_cw
0x4e8dd0,_hw_cw
0x4e8e60,_abstract_sw
0x4e8ea0,calloc
0x4e8f50,printf
0x4e8fb0,_msize
0x4e9020,realloc
0x4e91d0,getenv
0x4e9200,_getenv_lk
0x4e9290,__dtoxmode
0x4e9360,_stat
0x4e96a0,IsRootUNCName
0x4e9720,gmtime
0x4e9890,asctime
0x4e9980,store_dt
0x4e99c0,_flsbuf
0x4e9af0,_output
0x4ea480,write_char
0x4ea4d0,write_multi_char
0x4ea510,write_string
0x4ea550,get_int_arg
0x4ea570,get_int64_arg
0x4ea590,get_short_arg
0x4ea5b0,_setdefaultprecision
0x4ea5d0,_ms_p5_test_fdiv
0x4ea620,_ms_p5_mp_test_fdiv
0x4ea650,_forcdecpt
0x4ea6b0,_cropzeros
0x4ea720,_positive
0x4ea740,_fassign
0x4ea7a0,_cftoe
0x4ea820,_cftoe2
0x4ea920,_cftof
0x4ea990,_cftof2
0x4eaa50,_cftog
0x4eab10,_cfltcvt
0x4eab80,_shift
0x4eabb0,_mtinitlocks
0x4eabe0,_mtdeletelocks
0x4eac60,_lock
0x4eade0,_lockerr_exit
0x4eae00,_stbuf
0x4eaec0,_ftbuf
0x4eaf00,_fltin2
0x4eafa0,_isctype
0x4eb040,_mtinit
0x4eb0a0,_mtterm
0x4eb0d0,_initptd
0x4eb0f0,_getptd
0x4eb170,_freeptd
0x4eb240,_close
0x4eb2b0,_close_lk
0x4eb340,_freebuf
0x4eb380,fflush
0x4eb3c0,_fflush_lk
0x4eb400,_flush
0x4eb470,_flushall
0x4eb480,flsall
0x4eb540,_openfile
0x4eb710,_getstream
0x4eb7f0,_frnd
0x4eb810,_handle_qnan1
0x4eb860,_handle_qnan2
0x4eb8e0,_except1
0x4eb9a0,_except2
0x4eba90,_raise_exc
0x4ebdd0,_handle_exc
0x4ec100,_umatherr
0x4ec1b0,_set_errno
0x4ec1e0,_get_fname
0x4ec210,_errcode
0x4ec250,_set_exp
0x4ec290,_get_exp
0x4ec2b0,_add_exp
0x4ec2e0,_set_bexp
0x4ec320,_sptype
0x4ec380,_decomp
0x4ec490,_statfp
0x4ecb20,_powhlp
0x4ecd50,_d_inttype
0x4ecde0,__InternalCxxFrameHandler
0x4eceb0,FindHandler
0x4ed170,FindHandlerForForeignException
0x4ed250,__FrameUnwindToState
0x4ed310,FrameUnwindFilter
0x4ed330,CatchIt
0x4ed3c0,CallCatchBlock
0x4ed520,ExFilterRethrow
0x4ed550,BuildCatchObject
0x4ed7e0,AdjustPointer
0x4ed810,_CallSettingFrame
0x4ed8f0,unexpected
0x4ed910,_inconsistency
0x4ed9a0,setlocale
0x4edc70,_setlocale_set_cat
0x4eddd0,_setlocale_get_all
0x4edef0,_expandlocale
0x4ee100,_strcats
0x4ee150,__lc_strtolc
0x4ee260,__lc_lctostr
0x4ee2d0,__crtLCMapStringW
0x4ee4e0,wcsncnt
0x4ee520,__crtLCMapStringA
0x4ee750,strncnt
0x4ee780,_filbuf
0x4ee870,_lseek
0x4ee8f0,_read_lk
0x4eeba0,_write_lk
0x4eedb0,_dosmaperr
0x4eee30,_errno
0x4eee40,__doserrno
0x4eee50,_XcptFilter
0x4ef060,xcptlookup
0x4ef0a0,__tzset
0x4ef0e0,_tzset
0x4ef100,_tzset_lk
0x4ef3e0,_isindst
0x4ef410,_isindst_lk
0x4ef680,cvtdate
0x4ef820,__loctotime_t
0x4ef910,_input
0x4f0650,_hextodec
0x4f0690,_inc
0x4f06c0,_un_inc
0x4f06e0,_whiteout
0x4f0730,_setmbcp
0x4f0960,getSystemCP
0x4f09b0,CPtoLCID
0x4f0a10,setSBCS
0x4f0a50,setSBUpLow
0x4f0c30,_getmbcp
0x4f0c50,__initmbctable
0x4f0c60,_mbsnbcpy
0x4f0d10,_tell
0x4f0d30,_ismbbkprint
0x4f0d50,_ismbbkpunct
0x4f0d70,_ismbbalnum
0x4f0d90,_ismbbalpha
0x4f0db0,_ismbbgraph
0x4f0dd0,_ismbbprint
0x4f0df0,_ismbbpunct
0x4f0e10,_ismbblead
0x4f0e30,_ismbbtrail
0x4f0e50,_ismbbkana
0x4f0e80,x_ismbbtype
0x4f0ec0,_setenvp
0x4f0fb0,_setargv
0x4f1050,parse_cmdline
0x4f1260,__crtGetEnvironmentStringsW
0x4f1460,__crtGetEnvironmentStringsA
0x4f15c0,_ioinit
0x4f17d0,_ioterm
0x4f1830,_heap_init
0x4f1870,_heap_term
0x4f18b0,_FF_MSGBANNER
0x4f18f0,_NMSG_WRITE
0x4f1ad0,_GET_RTERRMSG
0x4f1b80,_lseek_lk
0x4f1c00,_alloc_osfhnd
0x4f1d70,_set_osfhnd
0x4f1e20,_free_osfhnd
0x4f1ec0,_get_osfhandle
0x4f1f10,_open_osfhandle
0x4f1fc0,_lock_fhandle
0x4f2030,_unlock_fhandle
0x4f20d0,_setmode_lk
0x4f2140,_mbctoupper
0x4f21e0,__CxxUnhandledExceptionFilter
0x4f2240,__CxxSetUnhandledExceptionFilter
0x4f2260,__CxxRestoreUnhandledExceptionFilter
0x4f2280,_set_sbh_threshold
0x4f22a0,__sbh_new_region
0x4f2410,__sbh_release_region
0x4f2470,__sbh_decommit_pages
0x4f2540,__sbh_find_block
0x4f25a0,__sbh_free_block
0x4f2600,__sbh_alloc_block
0x4f2840,__sbh_alloc_block_from_page
0x4f29c0,__sbh_resize_block
0x4f2a90,__sbh_heap_check
0x4f2c60,_set_new_handler
0x4f2ca0,_callnewh
0x4f2cc0,__initstdio
0x4f2d80,__endstdio
0x4f2da0,_mbsnbicoll
0x4f2de0,__wtomb_environ
0x4f2e60,_mbsicmp
0x4f3010,_mbsrchr
0x4f30a0,_fullpath
0x4f3170,_mbctolower
0x4f3210,_mbspbrk
0x4f32c0,_getbuf
0x4f3320,_isatty
0x4f3350,wctomb
0x4f33c0,_wctomb_lk
0x4f3440,_aulldiv
0x4f3530,_ZeroTail
0x4f35a0,_IncMan
0x4f3610,_RoundMan
0x4f36b0,_CopyMan
0x4f36d0,_FillZeroMan
0x4f36e0,_IsZeroMan
0x4f3700,_ShrMan
0x4f37c0,_ld12cvt
0x4f3990,_ld12tod
0x4f39d0,_ld12told
0x4f3a50,_atodbl
0x4f3a90,_atoldbl
0x4f3b10,_fptostr
0x4f3bb0,_fltout2
0x4f3c40,__dtold
0x4f3d00,_fptrap
0x4f3d10,__strgtold12
0x4f44a0,__STRINGTOLD
0x4f44f0,__crtGetStringTypeW
0x4f4680,__crtGetStringTypeA
0x4f47c0,_commit
0x4f4860,_open
0x4f4880,_sopen
0x4f4c30,fdiv_main_routine
0x4f59c0,_87except
0x4f5ae0,_copysign
0x4f5b10,_chgsign
0x4f5b40,_scalb
0x4f5b60,_logb
0x4f5c80,_nextafter
0x4f5f80,_finite
0x4f5fa0,_isnan
0x4f5fd0,_fpclass
0x4f6070,_ValidateRead
0x4f60b0,_ValidateExecute
0x4f60d0,abort
0x4f60f0,__init_time
0x4f61a0,_get_lc_time
0x4f6520,_free_lc_time
0x4f6760,storeTimeFmt
0x4f6860,__init_numeric
0x4f6a60,fix_grouping
0x4f6aa0,__init_monetary
0x4f6b90,_get_lc_lconv
0x4f6d20,_free_lc_lconv
0x4f6d90,__init_ctype
0x4f7060,strpbrk
0x4f70a0,__get_qualified_locale
0x4f7240,TranslateName
0x4f72a0,GetLcidFromLangCountry
0x4f7330,LangCountryEnumProc
0x4f7610,GetLcidFromLanguage
0x4f7670,LanguageEnumProc
0x4f7750,GetLcidFromCountry
0x4f7790,CountryEnumProc
0x4f7830,GetLcidFromDefault
0x4f7850,ProcessCodePage
0x4f7940,TestDefaultCountry
0x4f7970,TestDefaultLanguage
0x4f7a00,IsThisWindowsNT
0x4f7a40,crtGetLocaleInfoA
0x4f7b70,LcidFromHexString
0x4f7bb0,GetPrimaryLen
0x4f7be0,mbstowcs
0x4f7c60,_wcstombs_lk
0x4f7f10,_mbtowc_lk
0x4f8010,ungetc
0x4f8040,_ungetc_lk
0x4f80d0,wcslen
0x4f80f0,__crtMessageBoxA
0x4f8180,_fcloseall
0x4f8220,__crtCompareStringW
0x4f8470,__crtCompareStringA
0x4f8770,__crtsetenv
0x4f8980,findenv
0x4f8a00,copy_environ
0x4f8a70,_strcmpi
0x4f8b40,__addl
0x4f8b70,__add_12
0x4f8be0,__shl_12
0x4f8c10,__shr_12
0x4f8c40,__mtold12
0x4f8d40,$I10_OUTPUT
0x4f90d0,__ld12mul
0x4f9390,__multtenpow12
0x4f9420,ldexp
0x4f9680,_Getdays
0x4f9770,_Getmonths
0x4f9860,_Gettnames
0x4f9bd0,strftime
0x4f9bf0,_Strftime
0x4f9d40,_expandtime
0x4fa2e0,_store_str
0x4fa310,_store_num
0x4fa3b0,_store_number
0x4fa420,_store_winword
0x4fa770,__getlocaleinfo
0x4fa930,_itoa
0x4fa970,xtoa
0x4fa9e0,_ltoa
0x4faa30,_ultoa
0x4faa50,_i64toa
0x4faaa0,x64toa
0x4fab30,_ui64toa
0x4fab50,_strnicmp
0x4fac60,_mbschr
0x4fad30,_mbsdup
0x4fad80,__crtGetLocaleInfoW
0x4faeb0,__crtGetLocaleInfoA
0x4faff0,DirectPlayEnumerateA
0x4faffc,DirectPlayCreate
0x4fb440,_hypot
0x4fb460,_cabs
0x4fb480,_hypothlp
0x4fb7a0,_CIsqrt
0x4fc000,_imp__RegOpenKeyExA
0x4fc004,_imp__RegQueryValueExA
0x4fc008,_imp__RegCreateKeyA
0x4fc00c,_imp__RegOpenKeyA
0x4fc010,_imp__RegQueryValueA
0x4fc014,_imp__RegCreateKeyExA
0x4fc018,_imp__RegSetValueExA
0x4fc01c,_imp__RegFlushKey
0x4fc020,_imp__RegCloseKey
0x4fc024,_imp__GetUserNameA
0x4fc02c,_imp__DirectDrawCreate
0x4fc044,_imp__DirectSoundCreate
0x4fc04c,_imp__SetTextColor
0x4fc050,_imp__DeleteDC
0x4fc054,_imp__SetDIBColorTable
0x4fc058,_imp__SetBkMode
0x4fc05c,_imp__CreatePalette
0x4fc060,_imp__RealizePalette
0x4fc064,_imp__GetSystemPaletteEntries
0x4fc068,_imp__SelectObject
0x4fc06c,_imp__CreateDIBSection
0x4fc070,_imp__SelectPalette
0x4fc074,_imp__GetPaletteEntries
0x4fc078,_imp__DeleteObject
0x4fc07c,_imp__PatBlt
0x4fc080,_imp__BitBlt
0x4fc084,_imp__GetStockObject
0x4fc088,_imp__CreateCompatibleDC
0x4fc08c,_imp__TextOutA
0x4fc094,_imp__GetProcAddress
0x4fc098,_imp__GlobalUnlock
0x4fc09c,_imp__GlobalFree
0x4fc0a0,_imp__SetCurrentDirectoryA
0x4fc0a4,_imp__SetFilePointer
0x4fc0a8,_imp__GetModuleFileNameA
0x4fc0ac,_imp__OpenSemaphoreA
0x4fc0b0,_imp__CreateSemaphoreA
0x4fc0b4,_imp__GlobalMemoryStatus
0x4fc0b8,_imp__WriteFile
0x4fc0bc,_imp__QueryPerformanceCounter
0x4fc0c0,_imp__FreeLibrary
0x4fc0c4,_imp__GetPrivateProfileStringA
0x4fc0c8,_imp__WaitForSingleObject
0x4fc0cc,_imp__GetCurrentThread
0x4fc0d0,_imp__SetThreadPriority
0x4fc0d4,_imp__LoadLibraryA
0x4fc0d8,_imp__GetPrivateProfileIntA
0x4fc0dc,_imp__GetTickCount
0x4fc0e0,_imp__Sleep
0x4fc0e4,_imp__DebugBreak
0x4fc0e8,_imp__CreateFileA
0x4fc0ec,_imp__CloseHandle
0x4fc0f0,_imp__lstrcpynA
0x4fc0f4,_imp__lstrcpyA
0x4fc0f8,_imp__lstrlenA
0x4fc0fc,_imp__GlobalHandle
0x4fc100,_imp__ExitProcess
0x4fc104,_imp__MultiByteToWideChar
0x4fc108,_imp__TlsGetValue
0x4fc10c,_imp__GetFileSize
0x4fc110,_imp__GetLocaleInfoW
0x4fc114,_imp__CompareStringW
0x4fc118,_imp__CompareStringA
0x4fc11c,_imp__GetUserDefaultLCID
0x4fc120,_imp__EnumSystemLocalesA
0x4fc124,_imp__GetLocaleInfoA
0x4fc128,_imp__IsValidCodePage
0x4fc12c,_imp__IsValidLocale
0x4fc130,_imp__IsBadCodePtr
0x4fc134,_imp__IsBadWritePtr
0x4fc138,_imp__IsBadReadPtr
0x4fc13c,_imp__FlushFileBuffers
0x4fc140,_imp__GetStringTypeW
0x4fc144,_imp__GetStringTypeA
0x4fc148,_imp__SetStdHandle
0x4fc14c,_imp__HeapCreate
0x4fc150,_imp__HeapDestroy
0x4fc154,_imp__GetFileType
0x4fc158,_imp__GetStdHandle
0x4fc15c,_imp__SetHandleCount
0x4fc160,_imp__GetEnvironmentStringsW
0x4fc164,_imp__GlobalLock
0x4fc168,_imp__GlobalSize
0x4fc16c,_imp__GetVersionExA
0x4fc170,_imp__SetEvent
0x4fc174,_imp__InterlockedExchange
0x4fc178,_imp__GetDriveTypeA
0x4fc17c,_imp__GetVolumeInformationA
0x4fc180,_imp__GetFullPathNameA
0x4fc184,_imp__CreateEventA
0x4fc188,_imp__ResetEvent
0x4fc18c,_imp__OutputDebugStringA
0x4fc190,_imp__GetCurrentThreadId
0x4fc194,_imp__LeaveCriticalSection
0x4fc198,_imp__EnterCriticalSection
0x4fc19c,_imp__VirtualProtect
0x4fc1a0,_imp__VirtualQuery
0x4fc1a4,_imp__GetCommandLineA
0x4fc1a8,_imp__CreateThread
0x4fc1ac,_imp__SetUnhandledExceptionFilter
0x4fc1b0,_imp__GetThreadPriority
0x4fc1b4,_imp__GlobalAlloc
0x4fc1b8,_imp__InitializeCriticalSection
0x4fc1bc,_imp__VirtualAlloc
0x4fc1c0,_imp__VirtualFree
0x4fc1c4,_imp__GetModuleHandleA
0x4fc1c8,_imp__GetCurrentProcess
0x4fc1cc,_imp__GetLastError
0x4fc1d0,_imp__GetSystemInfo
0x4fc1d4,_imp__FileTimeToDosDateTime
0x4fc1d8,_imp__FileTimeToLocalFileTime
0x4fc1dc,_imp__GetFileTime
0x4fc1e0,_imp__FreeEnvironmentStringsA
0x4fc1e4,_imp__DeleteCriticalSection
0x4fc1e8,_imp__MapViewOfFile
0x4fc1ec,_imp__CreateFileMappingA
0x4fc1f0,_imp__UnmapViewOfFile
0x4fc1f4,_imp__SystemTimeToFileTime
0x4fc1f8,_imp__GetSystemTime
0x4fc1fc,_imp__QueryPerformanceFrequency
0x4fc200,_imp__SetPriorityClass
0x4fc204,_imp__GetPriorityClass
0x4fc208,_imp__DeviceIoControl
0x4fc20c,_imp__GetEnvironmentStrings
0x4fc210,_imp__TerminateProcess
0x4fc214,_imp__RtlUnwind
0x4fc218,_imp__InterlockedDecrement
0x4fc21c,_imp__InterlockedIncrement
0x4fc220,_imp__TlsSetValue
0x4fc224,_imp__ExitThread
0x4fc228,_imp__GetTimeZoneInformation
0x4fc22c,_imp__GetLocalTime
0x4fc230,_imp__SetConsoleCtrlHandler
0x4fc234,_imp__GetStartupInfoA
0x4fc238,_imp__GetVersion
0x4fc23c,_imp__SetEndOfFile
0x4fc240,_imp__ResumeThread
0x4fc244,_imp__MoveFileA
0x4fc248,_imp__DeleteFileA
0x4fc24c,_imp__GetCurrentDirectoryA
0x4fc250,_imp__SetEnvironmentVariableA
0x4fc254,_imp__FindFirstFileA
0x4fc258,_imp__FindNextFileA
0x4fc25c,_imp__FindClose
0x4fc260,_imp__FileTimeToSystemTime
0x4fc264,_imp__CreateDirectoryA
0x4fc268,_imp__RaiseException
0x4fc26c,_imp__HeapFree
0x4fc270,_imp__HeapAlloc
0x4fc274,_imp__HeapSize
0x4fc278,_imp__HeapReAlloc
0x4fc27c,_imp__FatalAppExitA
0x4fc280,_imp__TlsAlloc
0x4fc284,_imp__TlsFree
0x4fc288,_imp__SetLastError
0x4fc28c,_imp__ReadFile
0x4fc290,_imp__FreeEnvironmentStringsW
0x4fc294,_imp__WideCharToMultiByte
0x4fc298,_imp__LCMapStringA
0x4fc29c,_imp__LCMapStringW
0x4fc2a0,_imp__UnhandledExceptionFilter
0x4fc2a4,_imp__GetCPInfo
0x4fc2a8,_imp__GetACP
0x4fc2ac,_imp__GetOEMCP
0x4fc2b4,_imp__ShellExecuteA
0x4fc2bc,_imp__GetClassNameA
0x4fc2c0,_imp__MessageBeep
0x4fc2c4,_imp__EnumWindows
0x4fc2c8,_imp__IsDialogMessageA
0x4fc2cc,_imp__DefWindowProcA
0x4fc2d0,_imp__PostMessageA
0x4fc2d4,_imp__PeekMessageA
0x4fc2d8,_imp__GetMessageA
0x4fc2dc,_imp__IsIconic
0x4fc2e0,_imp__GetFocus
0x4fc2e4,_imp__GetCursorPos
0x4fc2e8,_imp__wsprintfA
0x4fc2ec,_imp__GetKeyState
0x4fc2f0,_imp__SetWindowPos
0x4fc2f4,_imp__ReleaseDC
0x4fc2f8,_imp__GetDC
0x4fc2fc,_imp__ClientToScreen
0x4fc300,_imp__MessageBoxA
0x4fc304,_imp__EndPaint
0x4fc308,_imp__BeginPaint
0x4fc30c,_imp__PostQuitMessage
0x4fc310,_imp__DispatchMessageA
0x4fc314,_imp__CloseClipboard
0x4fc318,_imp__GetClipboardData
0x4fc31c,_imp__OpenClipboard
0x4fc320,_imp__IsCharAlphaA
0x4fc324,_imp__GetSystemMetrics
0x4fc328,_imp__DestroyWindow
0x4fc32c,_imp__UpdateWindow
0x4fc330,_imp__ShowWindow
0x4fc334,_imp__CreateWindowExA
0x4fc338,_imp__RegisterClassA
0x4fc33c,_imp__LoadCursorA
0x4fc340,_imp__LoadIconA
0x4fc344,_imp__SystemParametersInfoA
0x4fc348,_imp__GetWindowPlacement
0x4fc34c,_imp__IsZoomed
0x4fc350,_imp__GetAsyncKeyState
0x4fc354,_imp__SetCursorPos
0x4fc358,_imp__OffsetRect
0x4fc35c,_imp__GetClientRect
0x4fc360,_imp__SendMessageA
0x4fc364,_imp__TranslateMessage
0x4fc368,_imp__SetFocus
0x4fc36c,_imp__EnableWindow
0x4fc370,_imp__GetParent
0x4fc374,_imp__DialogBoxIndirectParamA
0x4fc378,_imp__CreateDialogIndirectParamA
0x4fc37c,_imp__GetDesktopWindow
0x4fc380,_imp__KillTimer
0x4fc384,_imp__IsWindowVisible
0x4fc388,_imp__SetTimer
0x4fc38c,_imp__SetForegroundWindow
0x4fc390,_imp__GetDlgItemTextA
0x4fc394,_imp__GetDlgItem
0x4fc398,_imp__GetWindowLongA
0x4fc39c,_imp__SetWindowLongA
0x4fc3a0,_imp__SetDlgItemTextA
0x4fc3a4,_imp__SendDlgItemMessageA
0x4fc3a8,_imp__CheckDlgButton
0x4fc3ac,_imp__RegisterHotKey
0x4fc3b0,_imp__GetWindowRect
0x4fc3b8,_imp__waveOutGetNumDevs
0x4fc3bc,_imp__auxSetVolume
0x4fc3c0,_imp__auxGetVolume
0x4fc3c4,_imp__waveOutGetVolume
0x4fc3c8,_imp__auxGetDevCapsA
0x4fc3cc,_imp__auxGetNumDevs
0x4fc3d0,_imp__waveOutSetVolume
0x4fc3d4,_imp__PlaySoundA
0x4fc3d8,_imp__mciSendStringA
0x4fc3f0,_imp__SmackGoto
0x4fc3f8,_imp__SmackClose
0x4fc408,_imp__SmackSoundOnOff
0x4fc490,DAT_004fc490
0x4fc6e8,DAT_004fc6e8
0x4fc980,??_7Class_00407350@@6B@
0x4fc988,??_7Class_00407930@@6B@
0x4fc990,??_7Class_004079d0@@6B@
0x4fc998,??_7Class_00407a90@@6B@
0x4fc9a8,??_7Class_004085d0@@6B@
0x4fc9b0,??_7Class_00408810@@6B@
0x4fca10,DAT_004fca10
0x4fca18,DAT_004fca18
0x4fcd78,DAT_004fcd78
0x4fcd98,DAT_004fcd98
0x4fcda8,DAT_004fcda8
0x4fcdb8,DAT_004fcdb8
0x4fcdc8,DAT_004fcdc8
0x4fcec8,DAT_004fcec8
0x4fd2c8,??_7Class_0043a1f0@@6B@
0x4fd2f8,DAT_004fd2f8
0x4fd328,DAT_004fd328
0x4fd358,DAT_004fd358
0x4fd388,DAT_004fd388
0x4fd3b8,DAT_004fd3b8
0x4fd3f8,DAT_004fd3f8
0x4fd428,??_7Class_0044ef20@@6B@
0x4fd458,??_7Class_0044f010@@6B@
0x4fd488,DAT_004fd488
0x4fd518,??_7Class_00462d30@@6B@
0x4fd580,??_7Class_00470ae0@@6B@
0x4fd5a8,??_7Class_00471cc0@@6B@
0x4fd618,??_7Class_00474cd0@@6B@
0x4fd638,??_7Class_004750b0@@6B@
0x4fd660,??_7Class_0047db20@@6B@
0x4fd754,??_7Class_004895c0@@6B@
0x4fd7f8,??_7Class_0048f840@@6BListener_0048ff40@@@
0x4fd800,??_7Class_0048f840@@6BCondition_0048ff40@@@
0x4fd940,??_7Listener_0048ff40@@6B@
0x4fd948,??_7Class_0048eb40@@6B@
0x4fd980,??_7Class_00490630@@6B@
0x4fd9b0,??_7Class_004907e0@@6B@
0x4fd9e0,??_7Class_00490880@@6B@
0x4fdaf0,DAT_004fdaf0
0x4fdb00,??_7Class_004b0610@@6B@
0x4fdca4,??_7logic_error@std@@6B@
0x501774,DAT_00501774
0x501d38,DAT_00501d38
0x501f48,DAT_00501f48
0x501fd0,DAT_00501fd0
0x502878,DAT_00502878
0x502884,DAT_00502884
0x502890,DAT_00502890
0x502898,DAT_00502898
0x50289c,DAT_0050289c
0x502ae8,DAT_00502ae8
0x50331c,DAT_0050331c
0x503320,DAT_00503320
0x50341c,DAT_0050341c
0x50372c,DAT_0050372c
0x504a64,DAT_00504a64
0x505490,DAT_00505490
0x505510,DAT_00505510
0x505974,DAT_00505974
0x5065f8,DAT_005065f8
0x5065fc,DAT_005065fc
0x506600,DAT_00506600
0x506dbc,DAT_00506dbc
0x507b88,DAT_00507b88
0x5086e8,DAT_005086e8
0x508f24,DAT_00508f24
0x508f30,DAT_00508f30
0x508f3c,DAT_00508f3c
0x508f60,DAT_00508f60
0x508f84,DAT_00508f84
0x508f90,DAT_00508f90
0x508fb4,DAT_00508fb4
0x509018,DAT_00509018
0x509028,DAT_00509028
0x5090fc,DAT_005090fc
0x5091d4,DAT_005091d4
0x509310,DAT_00509310
0x509edc,DAT_00509edc
0x50a430,DAT_0050a430
0x50a43c,DAT_0050a43c
0x50a778,DAT_0050a778
0x50a77c,DAT_0050a77c
0x50a780,DAT_0050a780
0x50b540,DAT_0050b540
0x50b544,DAT_0050b544
0x50b9e0,DAT_0050b9e0
0x50c8ac,DAT_0050c8ac
0x50c908,DAT_0050c908
0x50d220,DAT_0050d220
0x50d2d0,DAT_0050d2d0
0x50d6b4,DAT_0050d6b4
0x50d72c,DAT_0050d72c
0x5119b8,DAT_005119b8
0x5119c0,DAT_005119c0
0x511a40,DAT_00511a40
0x511a48,DAT_00511a48
0x511a50,DAT_00511a50
0x511a58,DAT_00511a58
0x511a60,DAT_00511a60
0x511bc0,DAT_00511bc0
0x511bc4,DAT_00511bc4
0x511bc8,DAT_00511bc8
0x511bd0,DAT_00511bd0
0x511c20,DAT_00511c20
0x511c2c,DAT_00511c2c
0x511c34,DAT_00511c34
0x511c48,DAT_00511c48
0x511c50,DAT_00511c50
0x511c58,DAT_00511c58
0x511c60,DAT_00511c60
0x511dc8,DAT_00511dc8
0x511dd0,DAT_00511dd0
0x511dd4,DAT_00511dd4
0x511ddc,DAT_00511ddc
0x511de0,DAT_00511de0
0x511de4,DAT_00511de4
0x511de8,g_game
0x511df0,DAT_00511df0
0x511f80,DAT_00511f80
0x511fb4,DAT_00511fb4
0x511fb8,DAT_00511fb8
0x5120b8,DAT_005120b8
0x5122c0,DAT_005122c0$S4554
0x5122d4,DAT_005122d4
0x5122d8,DAT_005122d8
0x5122dc,DAT_005122dc
0x5122e0,DAT_005122e0
0x5122e8,DAT_005122e8
0x5122f0,DAT_005122f0
0x512310,DAT_00512310
0x512314,DAT_00512314
0x512318,DAT_00512318
0x51231c,DAT_0051231c
0x512320,DAT_00512320
0x512324,DAT_00512324
0x512328,DAT_00512328
0x51232c,DAT_0051232c
0x512330,DAT_00512330
0x512334,DAT_00512334
0x512338,DAT_00512338
0x512340,DAT_00512340
0x512344,DAT_00512344
0x512348,DAT_00512348
0x512358,Class_00440290::DAT_00512358
0x512370,DAT_00512370
0x512770,DAT_00512770
0x512774,DAT_00512774
0x512980,DAT_00512980
0x512984,DAT_00512984
0x512988,DAT_00512988
0x5129ac,DAT_005129ac
0x5129b0,DAT_005129b0
0x5129d0,DAT_005129d0
0x5129f1,DAT_005129f1
0x5129f8,DAT_005129f8
0x512a20,DAT_00512a20
0x512c80,DAT_00512c80
0x512c84,DAT_00512c84
0x512ca8,DAT_00512ca8
0x512d90,DAT_00512d90
0x512ee8,DAT_00512ee8
0x512eec,DAT_00512eec
0x512ef0,DAT_00512ef0
0x512f2c,DAT_00512f2c
0x512f49,DAT_00512f49
0x512f4a,DAT_00512f4a
0x512f55,DAT_00512f55
0x512f59,DAT_00512f59
0x512f6d,DAT_00512f6d
0x512f71,DAT_00512f71
0x512fe0,DAT_00512fe0
0x512ff8,DAT_00512ff8
0x513000,DAT_00513000
0x51e548,DAT_0051e548
0x51e574,DAT_0051e574
0x51e580,DAT_0051e580
0x51e588,DAT_0051e588
0x51e58c,DAT_0051e58c
0x51e590,DAT_0051e590
0x51e594,DAT_0051e594
0x51e598,DAT_0051e598
0x51e59c,DAT_0051e59c
0x51e5a0,DAT_0051e5a0
0x51e608,DAT_0051e608
0x51e610,DAT_0051e610
0x51e634,DAT_0051e634
0x51e684,DAT_0051e684
0x51e688,DAT_0051e688
0x51e68c,DAT_0051e68c
0x51e690,DAT_0051e690
0x51e694,DAT_0051e694
0x51e698,DAT_0051e698
0x51e69c,DAT_0051e69c
0x51e6a0,DAT_0051e6a0
0x51e6b0,DAT_0051e6b0$S4554
0x51e6c0,DAT_0051e6c0
0x51e710,DAT_0051e710
0x51e810,DAT_0051e810
0x51e828,DAT_0051e828
0x51f2c8,DAT_0051f2c8
0x51f2dc,DAT_0051f2dc
0x51f310,DAT_0051f310
0x51fb50,DAT_0051fb50
0x51fb9c,DAT_0051fb9c
0x51fba0,DAT_0051fba0
0x51fba4,DAT_0051fba4
0x51fbbc,DAT_0051fbbc
0x51fbd0,DAT_0051fbd0
0x51fbe0,DAT_0051fbe0
0x51fc78,DAT_0051fc78
0x51fc7c,DAT_0051fc7c
0x51fc80,DAT_0051fc80
0x51fc84,DAT_0051fc84
0x51fc88,DAT_0051fc88
0x51fc90,DAT_0051fc90
0x51fc94,DAT_0051fc94
0x51fc99,DAT_0051fc99$S4554
0x51fcb0,DAT_0051fcb0
0x51fdb0,DAT_0051fdb0
0x51fdb8,DAT_0051fdb8
0x51fe00,DAT_0051fe00
0x51fe08,DAT_0051fe08
0x51fe48,DAT_0051fe48
0x51fea0,DAT_0051fea0
0x51ff04,DAT_0051ff04
0x51ff08,DAT_0051ff08
0x51ff0c,DAT_0051ff0c
0x51ff10,DAT_0051ff10
0x51ff14,DAT_0051ff14
0x51ff18,DAT_0051ff18
0x51ff48,DAT_0051ff48
0x51ff58,DAT_0051ff58
0x51ff60,DAT_0051ff60
0x526ff0,DAT_00526ff0
0x526ff4,DAT_00526ff4
0x526ffc,DAT_00526ffc
0x5289b4,DAT_005289b4
0x5289b8,DAT_005289b8
0x5289bc,DAT_005289bc
0x5289c4,DAT_005289c4
0x5289d0,DAT_005289d0
0x5289d8,DAT_005289d8
0x5289dc,DAT_005289dc
0x5289e0,DAT_005289e0
0x5289f0,DAT_005289f0
0x5289f8,DAT_005289f8
0x5289fc,DAT_005289fc
0x528a00,DAT_00528a00
0x528a04,DAT_00528a04
0x528a08,DAT_00528a08
0x528a10,DAT_00528a10
0x528a1c,DAT_00528a1c
0x528a48,DAT_00528a48
0x528a50,DAT_00528a50
0x528a54,DAT_00528a54
0x528a78,DAT_00528a78
0x528ab4,DAT_00528ab4
0x528ab8,DAT_00528ab8
0x528abc,DAT_00528abc
0x528ac0,DAT_00528ac0
0x528ac4,DAT_00528ac4
0x528ac8,DAT_00528ac8
0x528acc,DAT_00528acc
0x528ad0,DAT_00528ad0
0x528ad4,DAT_00528ad4
0x528ad8,DAT_00528ad8
0x528ae0,DAT_00528ae0
0x5292c4,DAT_005292c4
0x529508,DAT_00529508
0x5295bc,DAT_005295bc
0x5295cc,DAT_005295cc
0x529dcc,DAT_00529dcc
0x529dd0,DAT_00529dd0
0x529dd4,DAT_00529dd4
0x529df8,DAT_00529df8
0x529e20,DAT_00529e20
0x529e58,DAT_00529e58
0x529e6c,DAT_00529e6c
0x529e70,DAT_00529e70
0x529e7c,DAT_00529e7c
0x529e98,DAT_00529e98
0x529e9c,DAT_00529e9c
0x529ea0,DAT_00529ea0
0x529f48,_tls_index
0x52a4e4,DAT_0052a4e4
0x52a4e8,DAT_0052a4e8
0x52a4ec,DAT_0052a4ec
0x52a4f0,DAT_0052a4f0
0x52a4f8,DAT_0052a4f8
0x52a4fc,DAT_0052a4fc
